text_id,song_id,corpus,category,presence,density
p00000,72dda986-55c6-450e-878e-bf0e6fdb5894,prompt,genre,1,0.0909090909090909
p00000,72dda986-55c6-450e-878e-bf0e6fdb5894,prompt,mood,1,0.3636363636363636
p00000,72dda986-55c6-450e-878e-bf0e6fdb5894,prompt,instrumentation,1,0.2727272727272727
p00000,72dda986-55c6-450e-878e-bf0e6fdb5894,prompt,timbre,0,0.0
p00000,72dda986-55c6-450e-878e-bf0e6fdb5894,prompt,function,0,0.0
p00000,72dda986-55c6-450e-878e-bf0e6fdb5894,prompt,theory,1,0.2727272727272727
p00000,72dda986-55c6-450e-878e-bf0e6fdb5894,prompt,story,0,0.0
p00001,01d43ee2-c6ff-4b66-aac6-bfe70e1b613a,prompt,genre,1,0.6666666666666666
p00001,01d43ee2-c6ff-4b66-aac6-bfe70e1b613a,prompt,mood,0,0.0
p00001,01d43ee2-c6ff-4b66-aac6-bfe70e1b613a,prompt,instrumentation,1,0.2222222222222222
p00001,01d43ee2-c6ff-4b66-aac6-bfe70e1b613a,prompt,timbre,1,0.1111111111111111
p00001,01d43ee2-c6ff-4b66-aac6-bfe70e1b613a,prompt,function,0,0.0
p00001,01d43ee2-c6ff-4b66-aac6-bfe70e1b613a,prompt,theory,0,0.0
p00001,01d43ee2-c6ff-4b66-aac6-bfe70e1b613a,prompt,story,0,0.0
p00002,56487772-7530-4ead-a83a-8db2c4c29583,prompt,genre,1,0.5
p00002,56487772-7530-4ead-a83a-8db2c4c29583,prompt,mood,0,0.0
p00002,56487772-7530-4ead-a83a-8db2c4c29583,prompt,instrumentation,0,0.0
p00002,56487772-7530-4ead-a83a-8db2c4c29583,prompt,timbre,0,0.0
p00002,56487772-7530-4ead-a83a-8db2c4c29583,prompt,function,0,0.0
p00002,56487772-7530-4ead-a83a-8db2c4c29583,prompt,theory,0,0.0
p00002,56487772-7530-4ead-a83a-8db2c4c29583,prompt,story,1,0.5
p00003,93a18e93-3e7e-4dfb-94ad-4cc4026c16ec,prompt,genre,1,0.3333333333333333
p00003,93a18e93-3e7e-4dfb-94ad-4cc4026c16ec,prompt,mood,1,0.25
p00003,93a18e93-3e7e-4dfb-94ad-4cc4026c16ec,prompt,instrumentation,1,0.0833333333333333
p00003,93a18e93-3e7e-4dfb-94ad-4cc4026c16ec,prompt,timbre,1,0.0833333333333333
p00003,93a18e93-3e7e-4dfb-94ad-4cc4026c16ec,prompt,function,0,0.0
p00003,93a18e93-3e7e-4dfb-94ad-4cc4026c16ec,prompt,theory,1,0.25
p00003,93a18e93-3e7e-4dfb-94ad-4cc4026c16ec,prompt,story,0,0.0
p00004,e7de29c9-e9dd-4a06-aa8d-4389eccadaee,prompt,genre,1,0.75
p00004,e7de29c9-e9dd-4a06-aa8d-4389eccadaee,prompt,mood,1,0.125
p00004,e7de29c9-e9dd-4a06-aa8d-4389eccadaee,prompt,instrumentation,1,0.125
p00004,e7de29c9-e9dd-4a06-aa8d-4389eccadaee,prompt,timbre,0,0.0
p00004,e7de29c9-e9dd-4a06-aa8d-4389eccadaee,prompt,function,0,0.0
p00004,e7de29c9-e9dd-4a06-aa8d-4389eccadaee,prompt,theory,0,0.0
p00004,e7de29c9-e9dd-4a06-aa8d-4389eccadaee,prompt,story,0,0.0
p00005,837f7d1b-23e2-4a0f-8b8a-92a7c4669a41,prompt,genre,1,0.25
p00005,837f7d1b-23e2-4a0f-8b8a-92a7c4669a41,prompt,mood,0,0.0
p00005,837f7d1b-23e2-4a0f-8b8a-92a7c4669a41,prompt,instrumentation,1,0.25
p00005,837f7d1b-23e2-4a0f-8b8a-92a7c4669a41,prompt,timbre,0,0.0
p00005,837f7d1b-23e2-4a0f-8b8a-92a7c4669a41,prompt,function,0,0.0
p00005,837f7d1b-23e2-4a0f-8b8a-92a7c4669a41,prompt,theory,0,0.0
p00005,837f7d1b-23e2-4a0f-8b8a-92a7c4669a41,prompt,story,1,0.5
p00006,8395a570-7ed2-4c0c-a4f6-249e969ae66c,prompt,genre,1,0.5
p00006,8395a570-7ed2-4c0c-a4f6-249e969ae66c,prompt,mood,0,0.0
p00006,8395a570-7ed2-4c0c-a4f6-249e969ae66c,prompt,instrumentation,0,0.0
p00006,8395a570-7ed2-4c0c-a4f6-249e969ae66c,prompt,timbre,0,0.0
p00006,8395a570-7ed2-4c0c-a4f6-249e969ae66c,prompt,function,0,0.0
p00006,8395a570-7ed2-4c0c-a4f6-249e969ae66c,prompt,theory,0,0.0
p00006,8395a570-7ed2-4c0c-a4f6-249e969ae66c,prompt,story,1,0.5
p00007,8399844f-3c3d-44c7-b5a3-6665e6725b4c,prompt,genre,1,0.1666666666666666
p00007,8399844f-3c3d-44c7-b5a3-6665e6725b4c,prompt,mood,0,0.0
p00007,8399844f-3c3d-44c7-b5a3-6665e6725b4c,prompt,instrumentation,1,0.1666666666666666
p00007,8399844f-3c3d-44c7-b5a3-6665e6725b4c,prompt,timbre,1,0.5
p00007,8399844f-3c3d-44c7-b5a3-6665e6725b4c,prompt,function,0,0.0
p00007,8399844f-3c3d-44c7-b5a3-6665e6725b4c,prompt,theory,0,0.0
p00007,8399844f-3c3d-44c7-b5a3-6665e6725b4c,prompt,story,1,0.1666666666666666
p00008,a5ac307b-e75d-47b1-90e3-89447e59a26a,prompt,genre,1,0.1
p00008,a5ac307b-e75d-47b1-90e3-89447e59a26a,prompt,mood,1,0.4
p00008,a5ac307b-e75d-47b1-90e3-89447e59a26a,prompt,instrumentation,0,0.0
p00008,a5ac307b-e75d-47b1-90e3-89447e59a26a,prompt,timbre,1,0.2
p00008,a5ac307b-e75d-47b1-90e3-89447e59a26a,prompt,function,0,0.0
p00008,a5ac307b-e75d-47b1-90e3-89447e59a26a,prompt,theory,1,0.3
p00008,a5ac307b-e75d-47b1-90e3-89447e59a26a,prompt,story,0,0.0
p00009,45aa2509-8554-4bf3-88fb-e26a0bab1c69,prompt,genre,1,0.25
p00009,45aa2509-8554-4bf3-88fb-e26a0bab1c69,prompt,mood,0,0.0
p00009,45aa2509-8554-4bf3-88fb-e26a0bab1c69,prompt,instrumentation,1,0.25
p00009,45aa2509-8554-4bf3-88fb-e26a0bab1c69,prompt,timbre,1,0.375
p00009,45aa2509-8554-4bf3-88fb-e26a0bab1c69,prompt,function,0,0.0
p00009,45aa2509-8554-4bf3-88fb-e26a0bab1c69,prompt,theory,0,0.0
p00009,45aa2509-8554-4bf3-88fb-e26a0bab1c69,prompt,story,1,0.125
p00010,45b5e210-3659-4726-975a-b201487962e9,prompt,genre,1,0.6
p00010,45b5e210-3659-4726-975a-b201487962e9,prompt,mood,0,0.0
p00010,45b5e210-3659-4726-975a-b201487962e9,prompt,instrumentation,0,0.0
p00010,45b5e210-3659-4726-975a-b201487962e9,prompt,timbre,0,0.0
p00010,45b5e210-3659-4726-975a-b201487962e9,prompt,function,0,0.0
p00010,45b5e210-3659-4726-975a-b201487962e9,prompt,theory,0,0.0
p00010,45b5e210-3659-4726-975a-b201487962e9,prompt,story,1,0.4
p00011,291b2f9c-c41b-4ab8-9161-d4214259419b,prompt,genre,1,0.4
p00011,291b2f9c-c41b-4ab8-9161-d4214259419b,prompt,mood,0,0.0
p00011,291b2f9c-c41b-4ab8-9161-d4214259419b,prompt,instrumentation,0,0.0
p00011,291b2f9c-c41b-4ab8-9161-d4214259419b,prompt,timbre,0,0.0
p00011,291b2f9c-c41b-4ab8-9161-d4214259419b,prompt,function,0,0.0
p00011,291b2f9c-c41b-4ab8-9161-d4214259419b,prompt,theory,0,0.0
p00011,291b2f9c-c41b-4ab8-9161-d4214259419b,prompt,story,1,0.6
p00012,df0117f3-743c-460c-905d-835ffb820bd3,prompt,genre,1,0.4
p00012,df0117f3-743c-460c-905d-835ffb820bd3,prompt,mood,0,0.0
p00012,df0117f3-743c-460c-905d-835ffb820bd3,prompt,instrumentation,1,0.2
p00012,df0117f3-743c-460c-905d-835ffb820bd3,prompt,timbre,1,0.2
p00012,df0117f3-743c-460c-905d-835ffb820bd3,prompt,function,0,0.0
p00012,df0117f3-743c-460c-905d-835ffb820bd3,prompt,theory,0,0.0
p00012,df0117f3-743c-460c-905d-835ffb820bd3,prompt,story,1,0.2
p00013,df09d518-7cb4-43d2-b4b4-74b5b0c9500e,prompt,genre,1,0.2
p00013,df09d518-7cb4-43d2-b4b4-74b5b0c9500e,prompt,mood,1,0.2
p00013,df09d518-7cb4-43d2-b4b4-74b5b0c9500e,prompt,instrumentation,0,0.0
p00013,df09d518-7cb4-43d2-b4b4-74b5b0c9500e,prompt,timbre,0,0.0
p00013,df09d518-7cb4-43d2-b4b4-74b5b0c9500e,prompt,function,0,0.0
p00013,df09d518-7cb4-43d2-b4b4-74b5b0c9500e,prompt,theory,1,0.4
p00013,df09d518-7cb4-43d2-b4b4-74b5b0c9500e,prompt,story,1,0.2
p00014,f8439571-23e6-4c8a-900b-9323671ff4c9,prompt,genre,1,1.0
p00014,f8439571-23e6-4c8a-900b-9323671ff4c9,prompt,mood,0,0.0
p00014,f8439571-23e6-4c8a-900b-9323671ff4c9,prompt,instrumentation,0,0.0
p00014,f8439571-23e6-4c8a-900b-9323671ff4c9,prompt,timbre,0,0.0
p00014,f8439571-23e6-4c8a-900b-9323671ff4c9,prompt,function,0,0.0
p00014,f8439571-23e6-4c8a-900b-9323671ff4c9,prompt,theory,0,0.0
p00014,f8439571-23e6-4c8a-900b-9323671ff4c9,prompt,story,0,0.0
p00015,f87d8dbf-83a9-4c58-a66d-f3d86e8ece8b,prompt,genre,1,0.3333333333333333
p00015,f87d8dbf-83a9-4c58-a66d-f3d86e8ece8b,prompt,mood,1,0.3333333333333333
p00015,f87d8dbf-83a9-4c58-a66d-f3d86e8ece8b,prompt,instrumentation,0,0.0
p00015,f87d8dbf-83a9-4c58-a66d-f3d86e8ece8b,prompt,timbre,0,0.0
p00015,f87d8dbf-83a9-4c58-a66d-f3d86e8ece8b,prompt,function,0,0.0
p00015,f87d8dbf-83a9-4c58-a66d-f3d86e8ece8b,prompt,theory,0,0.0
p00015,f87d8dbf-83a9-4c58-a66d-f3d86e8ece8b,prompt,story,1,0.3333333333333333
p00016,b1c7f9c0-da77-440b-8ed9-6d5d7979ba3e,prompt,genre,1,0.5
p00016,b1c7f9c0-da77-440b-8ed9-6d5d7979ba3e,prompt,mood,0,0.0
p00016,b1c7f9c0-da77-440b-8ed9-6d5d7979ba3e,prompt,instrumentation,0,0.0
p00016,b1c7f9c0-da77-440b-8ed9-6d5d7979ba3e,prompt,timbre,0,0.0
p00016,b1c7f9c0-da77-440b-8ed9-6d5d7979ba3e,prompt,function,0,0.0
p00016,b1c7f9c0-da77-440b-8ed9-6d5d7979ba3e,prompt,theory,0,0.0
p00016,b1c7f9c0-da77-440b-8ed9-6d5d7979ba3e,prompt,story,1,0.5
p00017,0a1282d5-b306-49f4-b0ff-f945c2ed2407,prompt,genre,1,0.3333333333333333
p00017,0a1282d5-b306-49f4-b0ff-f945c2ed2407,prompt,mood,1,0.1666666666666666
p00017,0a1282d5-b306-49f4-b0ff-f945c2ed2407,prompt,instrumentation,0,0.0
p00017,0a1282d5-b306-49f4-b0ff-f945c2ed2407,prompt,timbre,0,0.0
p00017,0a1282d5-b306-49f4-b0ff-f945c2ed2407,prompt,function,0,0.0
p00017,0a1282d5-b306-49f4-b0ff-f945c2ed2407,prompt,theory,0,0.0
p00017,0a1282d5-b306-49f4-b0ff-f945c2ed2407,prompt,story,1,0.5
p00018,4edf7524-0d23-48f2-906a-ed5cc10c9197,prompt,genre,0,0.0
p00018,4edf7524-0d23-48f2-906a-ed5cc10c9197,prompt,mood,1,0.5
p00018,4edf7524-0d23-48f2-906a-ed5cc10c9197,prompt,instrumentation,0,0.0
p00018,4edf7524-0d23-48f2-906a-ed5cc10c9197,prompt,timbre,0,0.0
p00018,4edf7524-0d23-48f2-906a-ed5cc10c9197,prompt,function,0,0.0
p00018,4edf7524-0d23-48f2-906a-ed5cc10c9197,prompt,theory,1,0.25
p00018,4edf7524-0d23-48f2-906a-ed5cc10c9197,prompt,story,1,0.25
p00019,85c89132-e0ce-42d5-973e-e0198f60e894,prompt,genre,1,0.6
p00019,85c89132-e0ce-42d5-973e-e0198f60e894,prompt,mood,0,0.0
p00019,85c89132-e0ce-42d5-973e-e0198f60e894,prompt,instrumentation,1,0.2
p00019,85c89132-e0ce-42d5-973e-e0198f60e894,prompt,timbre,0,0.0
p00019,85c89132-e0ce-42d5-973e-e0198f60e894,prompt,function,0,0.0
p00019,85c89132-e0ce-42d5-973e-e0198f60e894,prompt,theory,0,0.0
p00019,85c89132-e0ce-42d5-973e-e0198f60e894,prompt,story,1,0.2
p00020,304f77ae-6961-4c73-b240-b82c6d9837c1,prompt,genre,1,0.5
p00020,304f77ae-6961-4c73-b240-b82c6d9837c1,prompt,mood,0,0.0
p00020,304f77ae-6961-4c73-b240-b82c6d9837c1,prompt,instrumentation,0,0.0
p00020,304f77ae-6961-4c73-b240-b82c6d9837c1,prompt,timbre,0,0.0
p00020,304f77ae-6961-4c73-b240-b82c6d9837c1,prompt,function,0,0.0
p00020,304f77ae-6961-4c73-b240-b82c6d9837c1,prompt,theory,0,0.0
p00020,304f77ae-6961-4c73-b240-b82c6d9837c1,prompt,story,1,0.5
p00021,9a12553b-7ae1-4e35-9c24-de4224ba47ba,prompt,genre,0,0.0
p00021,9a12553b-7ae1-4e35-9c24-de4224ba47ba,prompt,mood,0,0.0
p00021,9a12553b-7ae1-4e35-9c24-de4224ba47ba,prompt,instrumentation,0,0.0
p00021,9a12553b-7ae1-4e35-9c24-de4224ba47ba,prompt,timbre,0,0.0
p00021,9a12553b-7ae1-4e35-9c24-de4224ba47ba,prompt,function,0,0.0
p00021,9a12553b-7ae1-4e35-9c24-de4224ba47ba,prompt,theory,0,0.0
p00021,9a12553b-7ae1-4e35-9c24-de4224ba47ba,prompt,story,1,1.0
p00022,9a2bd396-3954-4d40-b3bd-dc97f611ae73,prompt,genre,1,0.2857142857142857
p00022,9a2bd396-3954-4d40-b3bd-dc97f611ae73,prompt,mood,1,0.1428571428571428
p00022,9a2bd396-3954-4d40-b3bd-dc97f611ae73,prompt,instrumentation,1,0.2857142857142857
p00022,9a2bd396-3954-4d40-b3bd-dc97f611ae73,prompt,timbre,1,0.2857142857142857
p00022,9a2bd396-3954-4d40-b3bd-dc97f611ae73,prompt,function,0,0.0
p00022,9a2bd396-3954-4d40-b3bd-dc97f611ae73,prompt,theory,0,0.0
p00022,9a2bd396-3954-4d40-b3bd-dc97f611ae73,prompt,story,0,0.0
p00023,9a30a0c9-b192-4113-bc71-6b6b57bf15cf,prompt,genre,1,0.5
p00023,9a30a0c9-b192-4113-bc71-6b6b57bf15cf,prompt,mood,0,0.0
p00023,9a30a0c9-b192-4113-bc71-6b6b57bf15cf,prompt,instrumentation,0,0.0
p00023,9a30a0c9-b192-4113-bc71-6b6b57bf15cf,prompt,timbre,0,0.0
p00023,9a30a0c9-b192-4113-bc71-6b6b57bf15cf,prompt,function,0,0.0
p00023,9a30a0c9-b192-4113-bc71-6b6b57bf15cf,prompt,theory,0,0.0
p00023,9a30a0c9-b192-4113-bc71-6b6b57bf15cf,prompt,story,1,0.5
p00024,9a496feb-6a67-4f22-abf9-a46b34ff68ba,prompt,genre,1,0.5714285714285714
p00024,9a496feb-6a67-4f22-abf9-a46b34ff68ba,prompt,mood,0,0.0
p00024,9a496feb-6a67-4f22-abf9-a46b34ff68ba,prompt,instrumentation,1,0.2857142857142857
p00024,9a496feb-6a67-4f22-abf9-a46b34ff68ba,prompt,timbre,0,0.0
p00024,9a496feb-6a67-4f22-abf9-a46b34ff68ba,prompt,function,0,0.0
p00024,9a496feb-6a67-4f22-abf9-a46b34ff68ba,prompt,theory,1,0.1428571428571428
p00024,9a496feb-6a67-4f22-abf9-a46b34ff68ba,prompt,story,0,0.0
p00025,9a4d75e7-de00-4931-9105-4d53c84471bf,prompt,genre,1,0.6666666666666666
p00025,9a4d75e7-de00-4931-9105-4d53c84471bf,prompt,mood,0,0.0
p00025,9a4d75e7-de00-4931-9105-4d53c84471bf,prompt,instrumentation,0,0.0
p00025,9a4d75e7-de00-4931-9105-4d53c84471bf,prompt,timbre,0,0.0
p00025,9a4d75e7-de00-4931-9105-4d53c84471bf,prompt,function,0,0.0
p00025,9a4d75e7-de00-4931-9105-4d53c84471bf,prompt,theory,0,0.0
p00025,9a4d75e7-de00-4931-9105-4d53c84471bf,prompt,story,1,0.3333333333333333
p00026,21ee8bb8-76c4-41d2-b18e-d09524c38093,prompt,genre,1,0.5
p00026,21ee8bb8-76c4-41d2-b18e-d09524c38093,prompt,mood,0,0.0
p00026,21ee8bb8-76c4-41d2-b18e-d09524c38093,prompt,instrumentation,1,0.1666666666666666
p00026,21ee8bb8-76c4-41d2-b18e-d09524c38093,prompt,timbre,0,0.0
p00026,21ee8bb8-76c4-41d2-b18e-d09524c38093,prompt,function,0,0.0
p00026,21ee8bb8-76c4-41d2-b18e-d09524c38093,prompt,theory,1,0.3333333333333333
p00026,21ee8bb8-76c4-41d2-b18e-d09524c38093,prompt,story,0,0.0
p00027,5de77170-9628-498c-88c4-eaa0f9a6bf47,prompt,genre,1,0.1428571428571428
p00027,5de77170-9628-498c-88c4-eaa0f9a6bf47,prompt,mood,0,0.0
p00027,5de77170-9628-498c-88c4-eaa0f9a6bf47,prompt,instrumentation,1,0.8571428571428571
p00027,5de77170-9628-498c-88c4-eaa0f9a6bf47,prompt,timbre,0,0.0
p00027,5de77170-9628-498c-88c4-eaa0f9a6bf47,prompt,function,0,0.0
p00027,5de77170-9628-498c-88c4-eaa0f9a6bf47,prompt,theory,0,0.0
p00027,5de77170-9628-498c-88c4-eaa0f9a6bf47,prompt,story,0,0.0
p00028,5de9f530-88d9-44a5-943c-a53b321d1106,prompt,genre,1,0.3333333333333333
p00028,5de9f530-88d9-44a5-943c-a53b321d1106,prompt,mood,1,0.2222222222222222
p00028,5de9f530-88d9-44a5-943c-a53b321d1106,prompt,instrumentation,1,0.2222222222222222
p00028,5de9f530-88d9-44a5-943c-a53b321d1106,prompt,timbre,1,0.1111111111111111
p00028,5de9f530-88d9-44a5-943c-a53b321d1106,prompt,function,0,0.0
p00028,5de9f530-88d9-44a5-943c-a53b321d1106,prompt,theory,0,0.0
p00028,5de9f530-88d9-44a5-943c-a53b321d1106,prompt,story,1,0.1111111111111111
p00029,b63b2d28-ca13-4ae8-b325-bc509fb36454,prompt,genre,0,0.0
p00029,b63b2d28-ca13-4ae8-b325-bc509fb36454,prompt,mood,1,0.4
p00029,b63b2d28-ca13-4ae8-b325-bc509fb36454,prompt,instrumentation,0,0.0
p00029,b63b2d28-ca13-4ae8-b325-bc509fb36454,prompt,timbre,1,0.2
p00029,b63b2d28-ca13-4ae8-b325-bc509fb36454,prompt,function,0,0.0
p00029,b63b2d28-ca13-4ae8-b325-bc509fb36454,prompt,theory,0,0.0
p00029,b63b2d28-ca13-4ae8-b325-bc509fb36454,prompt,story,1,0.4
p00030,ee070cac-0af1-4d86-95b3-5e692884fadc,prompt,genre,1,0.2857142857142857
p00030,ee070cac-0af1-4d86-95b3-5e692884fadc,prompt,mood,1,0.1428571428571428
p00030,ee070cac-0af1-4d86-95b3-5e692884fadc,prompt,instrumentation,1,0.2857142857142857
p00030,ee070cac-0af1-4d86-95b3-5e692884fadc,prompt,timbre,0,0.0
p00030,ee070cac-0af1-4d86-95b3-5e692884fadc,prompt,function,0,0.0
p00030,ee070cac-0af1-4d86-95b3-5e692884fadc,prompt,theory,0,0.0
p00030,ee070cac-0af1-4d86-95b3-5e692884fadc,prompt,story,1,0.2857142857142857
p00031,ee0aa1b5-2bb6-4770-a51e-f2ea9e1c873f,prompt,genre,1,0.2
p00031,ee0aa1b5-2bb6-4770-a51e-f2ea9e1c873f,prompt,mood,1,0.2
p00031,ee0aa1b5-2bb6-4770-a51e-f2ea9e1c873f,prompt,instrumentation,1,0.4
p00031,ee0aa1b5-2bb6-4770-a51e-f2ea9e1c873f,prompt,timbre,1,0.1
p00031,ee0aa1b5-2bb6-4770-a51e-f2ea9e1c873f,prompt,function,0,0.0
p00031,ee0aa1b5-2bb6-4770-a51e-f2ea9e1c873f,prompt,theory,1,0.1
p00031,ee0aa1b5-2bb6-4770-a51e-f2ea9e1c873f,prompt,story,0,0.0
p00032,05c85698-35f9-4ca9-a086-ce048852ec24,prompt,genre,1,0.25
p00032,05c85698-35f9-4ca9-a086-ce048852ec24,prompt,mood,1,0.25
p00032,05c85698-35f9-4ca9-a086-ce048852ec24,prompt,instrumentation,0,0.0
p00032,05c85698-35f9-4ca9-a086-ce048852ec24,prompt,timbre,0,0.0
p00032,05c85698-35f9-4ca9-a086-ce048852ec24,prompt,function,0,0.0
p00032,05c85698-35f9-4ca9-a086-ce048852ec24,prompt,theory,0,0.0
p00032,05c85698-35f9-4ca9-a086-ce048852ec24,prompt,story,1,0.5
p00033,0e4f6e42-e8a1-4618-975e-9345b7f0d84b,prompt,genre,1,0.5
p00033,0e4f6e42-e8a1-4618-975e-9345b7f0d84b,prompt,mood,0,0.0
p00033,0e4f6e42-e8a1-4618-975e-9345b7f0d84b,prompt,instrumentation,1,0.25
p00033,0e4f6e42-e8a1-4618-975e-9345b7f0d84b,prompt,timbre,0,0.0
p00033,0e4f6e42-e8a1-4618-975e-9345b7f0d84b,prompt,function,0,0.0
p00033,0e4f6e42-e8a1-4618-975e-9345b7f0d84b,prompt,theory,0,0.0
p00033,0e4f6e42-e8a1-4618-975e-9345b7f0d84b,prompt,story,1,0.25
p00034,af092e6b-dce4-4354-82b0-f18c4d8f09c6,prompt,genre,0,0.0
p00034,af092e6b-dce4-4354-82b0-f18c4d8f09c6,prompt,mood,1,0.3333333333333333
p00034,af092e6b-dce4-4354-82b0-f18c4d8f09c6,prompt,instrumentation,1,0.3333333333333333
p00034,af092e6b-dce4-4354-82b0-f18c4d8f09c6,prompt,timbre,0,0.0
p00034,af092e6b-dce4-4354-82b0-f18c4d8f09c6,prompt,function,0,0.0
p00034,af092e6b-dce4-4354-82b0-f18c4d8f09c6,prompt,theory,0,0.0
p00034,af092e6b-dce4-4354-82b0-f18c4d8f09c6,prompt,story,1,0.3333333333333333
p00035,af1cb15b-e547-4e02-83d0-67bb3ba20412,prompt,genre,1,0.1818181818181818
p00035,af1cb15b-e547-4e02-83d0-67bb3ba20412,prompt,mood,1,0.2727272727272727
p00035,af1cb15b-e547-4e02-83d0-67bb3ba20412,prompt,instrumentation,1,0.1818181818181818
p00035,af1cb15b-e547-4e02-83d0-67bb3ba20412,prompt,timbre,0,0.0
p00035,af1cb15b-e547-4e02-83d0-67bb3ba20412,prompt,function,0,0.0
p00035,af1cb15b-e547-4e02-83d0-67bb3ba20412,prompt,theory,1,0.2727272727272727
p00035,af1cb15b-e547-4e02-83d0-67bb3ba20412,prompt,story,1,0.0909090909090909
p00036,c2eccd6c-3c7f-4e67-93c5-b2525f3b9e21,prompt,genre,1,0.3333333333333333
p00036,c2eccd6c-3c7f-4e67-93c5-b2525f3b9e21,prompt,mood,0,0.0
p00036,c2eccd6c-3c7f-4e67-93c5-b2525f3b9e21,prompt,instrumentation,0,0.0
p00036,c2eccd6c-3c7f-4e67-93c5-b2525f3b9e21,prompt,timbre,0,0.0
p00036,c2eccd6c-3c7f-4e67-93c5-b2525f3b9e21,prompt,function,0,0.0
p00036,c2eccd6c-3c7f-4e67-93c5-b2525f3b9e21,prompt,theory,0,0.0
p00036,c2eccd6c-3c7f-4e67-93c5-b2525f3b9e21,prompt,story,1,0.6666666666666666
p00037,97674f07-7bc3-404e-9410-b8239d3611c0,prompt,genre,0,0.0
p00037,97674f07-7bc3-404e-9410-b8239d3611c0,prompt,mood,1,0.1666666666666666
p00037,97674f07-7bc3-404e-9410-b8239d3611c0,prompt,instrumentation,1,0.5
p00037,97674f07-7bc3-404e-9410-b8239d3611c0,prompt,timbre,0,0.0
p00037,97674f07-7bc3-404e-9410-b8239d3611c0,prompt,function,0,0.0
p00037,97674f07-7bc3-404e-9410-b8239d3611c0,prompt,theory,0,0.0
p00037,97674f07-7bc3-404e-9410-b8239d3611c0,prompt,story,1,0.3333333333333333
p00038,9e8106ce-2e4a-450c-8653-66941bb3ad46,prompt,genre,1,0.25
p00038,9e8106ce-2e4a-450c-8653-66941bb3ad46,prompt,mood,0,0.0
p00038,9e8106ce-2e4a-450c-8653-66941bb3ad46,prompt,instrumentation,0,0.0
p00038,9e8106ce-2e4a-450c-8653-66941bb3ad46,prompt,timbre,0,0.0
p00038,9e8106ce-2e4a-450c-8653-66941bb3ad46,prompt,function,0,0.0
p00038,9e8106ce-2e4a-450c-8653-66941bb3ad46,prompt,theory,1,0.5
p00038,9e8106ce-2e4a-450c-8653-66941bb3ad46,prompt,story,1,0.25
p00039,c03a69e7-7bcb-4c85-bc76-54bcd86a1368,prompt,genre,1,0.6
p00039,c03a69e7-7bcb-4c85-bc76-54bcd86a1368,prompt,mood,0,0.0
p00039,c03a69e7-7bcb-4c85-bc76-54bcd86a1368,prompt,instrumentation,1,0.2
p00039,c03a69e7-7bcb-4c85-bc76-54bcd86a1368,prompt,timbre,0,0.0
p00039,c03a69e7-7bcb-4c85-bc76-54bcd86a1368,prompt,function,0,0.0
p00039,c03a69e7-7bcb-4c85-bc76-54bcd86a1368,prompt,theory,0,0.0
p00039,c03a69e7-7bcb-4c85-bc76-54bcd86a1368,prompt,story,1,0.2
p00040,1e28722f-2c5c-474e-a931-1e5b740fff7d,prompt,genre,1,0.1818181818181818
p00040,1e28722f-2c5c-474e-a931-1e5b740fff7d,prompt,mood,1,0.3636363636363636
p00040,1e28722f-2c5c-474e-a931-1e5b740fff7d,prompt,instrumentation,1,0.2727272727272727
p00040,1e28722f-2c5c-474e-a931-1e5b740fff7d,prompt,timbre,1,0.0909090909090909
p00040,1e28722f-2c5c-474e-a931-1e5b740fff7d,prompt,function,0,0.0
p00040,1e28722f-2c5c-474e-a931-1e5b740fff7d,prompt,theory,1,0.0909090909090909
p00040,1e28722f-2c5c-474e-a931-1e5b740fff7d,prompt,story,0,0.0
p00041,8760d63e-0eab-4d6e-9c6c-19d14c0310ea,prompt,genre,1,0.3333333333333333
p00041,8760d63e-0eab-4d6e-9c6c-19d14c0310ea,prompt,mood,0,0.0
p00041,8760d63e-0eab-4d6e-9c6c-19d14c0310ea,prompt,instrumentation,0,0.0
p00041,8760d63e-0eab-4d6e-9c6c-19d14c0310ea,prompt,timbre,0,0.0
p00041,8760d63e-0eab-4d6e-9c6c-19d14c0310ea,prompt,function,1,0.3333333333333333
p00041,8760d63e-0eab-4d6e-9c6c-19d14c0310ea,prompt,theory,0,0.0
p00041,8760d63e-0eab-4d6e-9c6c-19d14c0310ea,prompt,story,1,0.3333333333333333
p00042,876c1749-d348-48e6-a06c-64ec23323e40,prompt,genre,1,0.6363636363636364
p00042,876c1749-d348-48e6-a06c-64ec23323e40,prompt,mood,1,0.1818181818181818
p00042,876c1749-d348-48e6-a06c-64ec23323e40,prompt,instrumentation,1,0.0909090909090909
p00042,876c1749-d348-48e6-a06c-64ec23323e40,prompt,timbre,0,0.0
p00042,876c1749-d348-48e6-a06c-64ec23323e40,prompt,function,0,0.0
p00042,876c1749-d348-48e6-a06c-64ec23323e40,prompt,theory,1,0.0909090909090909
p00042,876c1749-d348-48e6-a06c-64ec23323e40,prompt,story,0,0.0
p00043,788859af-9004-4587-b3d8-2fe1ccd96b86,prompt,genre,1,0.7142857142857143
p00043,788859af-9004-4587-b3d8-2fe1ccd96b86,prompt,mood,0,0.0
p00043,788859af-9004-4587-b3d8-2fe1ccd96b86,prompt,instrumentation,1,0.1428571428571428
p00043,788859af-9004-4587-b3d8-2fe1ccd96b86,prompt,timbre,0,0.0
p00043,788859af-9004-4587-b3d8-2fe1ccd96b86,prompt,function,0,0.0
p00043,788859af-9004-4587-b3d8-2fe1ccd96b86,prompt,theory,1,0.1428571428571428
p00043,788859af-9004-4587-b3d8-2fe1ccd96b86,prompt,story,0,0.0
p00044,42ef4a9a-164f-480e-9992-5f91a57425ee,prompt,genre,1,0.6666666666666666
p00044,42ef4a9a-164f-480e-9992-5f91a57425ee,prompt,mood,0,0.0
p00044,42ef4a9a-164f-480e-9992-5f91a57425ee,prompt,instrumentation,1,0.1666666666666666
p00044,42ef4a9a-164f-480e-9992-5f91a57425ee,prompt,timbre,0,0.0
p00044,42ef4a9a-164f-480e-9992-5f91a57425ee,prompt,function,0,0.0
p00044,42ef4a9a-164f-480e-9992-5f91a57425ee,prompt,theory,0,0.0
p00044,42ef4a9a-164f-480e-9992-5f91a57425ee,prompt,story,1,0.1666666666666666
p00045,6eec1cc9-81f9-40d3-9466-38f5f89748f3,prompt,genre,1,0.4285714285714285
p00045,6eec1cc9-81f9-40d3-9466-38f5f89748f3,prompt,mood,0,0.0
p00045,6eec1cc9-81f9-40d3-9466-38f5f89748f3,prompt,instrumentation,1,0.4285714285714285
p00045,6eec1cc9-81f9-40d3-9466-38f5f89748f3,prompt,timbre,0,0.0
p00045,6eec1cc9-81f9-40d3-9466-38f5f89748f3,prompt,function,0,0.0
p00045,6eec1cc9-81f9-40d3-9466-38f5f89748f3,prompt,theory,0,0.0
p00045,6eec1cc9-81f9-40d3-9466-38f5f89748f3,prompt,story,1,0.1428571428571428
p00046,6045b0b6-6270-465c-9f8a-c88cf01311fe,prompt,genre,1,0.2
p00046,6045b0b6-6270-465c-9f8a-c88cf01311fe,prompt,mood,0,0.0
p00046,6045b0b6-6270-465c-9f8a-c88cf01311fe,prompt,instrumentation,1,0.8
p00046,6045b0b6-6270-465c-9f8a-c88cf01311fe,prompt,timbre,0,0.0
p00046,6045b0b6-6270-465c-9f8a-c88cf01311fe,prompt,function,0,0.0
p00046,6045b0b6-6270-465c-9f8a-c88cf01311fe,prompt,theory,0,0.0
p00046,6045b0b6-6270-465c-9f8a-c88cf01311fe,prompt,story,0,0.0
p00047,6067225b-504a-46e1-8848-deb07c09fe48,prompt,genre,1,0.3333333333333333
p00047,6067225b-504a-46e1-8848-deb07c09fe48,prompt,mood,1,0.3333333333333333
p00047,6067225b-504a-46e1-8848-deb07c09fe48,prompt,instrumentation,0,0.0
p00047,6067225b-504a-46e1-8848-deb07c09fe48,prompt,timbre,0,0.0
p00047,6067225b-504a-46e1-8848-deb07c09fe48,prompt,function,1,0.3333333333333333
p00047,6067225b-504a-46e1-8848-deb07c09fe48,prompt,theory,0,0.0
p00047,6067225b-504a-46e1-8848-deb07c09fe48,prompt,story,0,0.0
p00048,33858c28-6c40-43d6-9bff-1b9ec1a44503,prompt,genre,1,0.6666666666666666
p00048,33858c28-6c40-43d6-9bff-1b9ec1a44503,prompt,mood,0,0.0
p00048,33858c28-6c40-43d6-9bff-1b9ec1a44503,prompt,instrumentation,0,0.0
p00048,33858c28-6c40-43d6-9bff-1b9ec1a44503,prompt,timbre,0,0.0
p00048,33858c28-6c40-43d6-9bff-1b9ec1a44503,prompt,function,0,0.0
p00048,33858c28-6c40-43d6-9bff-1b9ec1a44503,prompt,theory,0,0.0
p00048,33858c28-6c40-43d6-9bff-1b9ec1a44503,prompt,story,1,0.3333333333333333
p00049,3c401ec0-d117-449d-ab39-8fa7a9828059,prompt,genre,1,0.75
p00049,3c401ec0-d117-449d-ab39-8fa7a9828059,prompt,mood,0,0.0
p00049,3c401ec0-d117-449d-ab39-8fa7a9828059,prompt,instrumentation,0,0.0
p00049,3c401ec0-d117-449d-ab39-8fa7a9828059,prompt,timbre,0,0.0
p00049,3c401ec0-d117-449d-ab39-8fa7a9828059,prompt,function,0,0.0
p00049,3c401ec0-d117-449d-ab39-8fa7a9828059,prompt,theory,0,0.0
p00049,3c401ec0-d117-449d-ab39-8fa7a9828059,prompt,story,1,0.25
p00050,3c41851f-03a5-464c-9840-4646904010d0,prompt,genre,1,0.8333333333333334
p00050,3c41851f-03a5-464c-9840-4646904010d0,prompt,mood,0,0.0
p00050,3c41851f-03a5-464c-9840-4646904010d0,prompt,instrumentation,0,0.0
p00050,3c41851f-03a5-464c-9840-4646904010d0,prompt,timbre,0,0.0
p00050,3c41851f-03a5-464c-9840-4646904010d0,prompt,function,0,0.0
p00050,3c41851f-03a5-464c-9840-4646904010d0,prompt,theory,0,0.0
p00050,3c41851f-03a5-464c-9840-4646904010d0,prompt,story,1,0.1666666666666666
p00051,a817156f-977c-4a72-8ea5-10fbadfa7532,prompt,genre,1,0.125
p00051,a817156f-977c-4a72-8ea5-10fbadfa7532,prompt,mood,1,0.125
p00051,a817156f-977c-4a72-8ea5-10fbadfa7532,prompt,instrumentation,0,0.0
p00051,a817156f-977c-4a72-8ea5-10fbadfa7532,prompt,timbre,1,0.25
p00051,a817156f-977c-4a72-8ea5-10fbadfa7532,prompt,function,0,0.0
p00051,a817156f-977c-4a72-8ea5-10fbadfa7532,prompt,theory,1,0.25
p00051,a817156f-977c-4a72-8ea5-10fbadfa7532,prompt,story,1,0.25
p00052,1c339881-c51b-4318-afa1-a64c22bebdad,prompt,genre,1,0.2307692307692307
p00052,1c339881-c51b-4318-afa1-a64c22bebdad,prompt,mood,1,0.1538461538461538
p00052,1c339881-c51b-4318-afa1-a64c22bebdad,prompt,instrumentation,1,0.3846153846153846
p00052,1c339881-c51b-4318-afa1-a64c22bebdad,prompt,timbre,0,0.0
p00052,1c339881-c51b-4318-afa1-a64c22bebdad,prompt,function,0,0.0
p00052,1c339881-c51b-4318-afa1-a64c22bebdad,prompt,theory,1,0.2307692307692307
p00052,1c339881-c51b-4318-afa1-a64c22bebdad,prompt,story,0,0.0
p00053,168acd2c-563d-4357-ba74-0cd98f66630d,prompt,genre,1,1.0
p00053,168acd2c-563d-4357-ba74-0cd98f66630d,prompt,mood,0,0.0
p00053,168acd2c-563d-4357-ba74-0cd98f66630d,prompt,instrumentation,0,0.0
p00053,168acd2c-563d-4357-ba74-0cd98f66630d,prompt,timbre,0,0.0
p00053,168acd2c-563d-4357-ba74-0cd98f66630d,prompt,function,0,0.0
p00053,168acd2c-563d-4357-ba74-0cd98f66630d,prompt,theory,0,0.0
p00053,168acd2c-563d-4357-ba74-0cd98f66630d,prompt,story,0,0.0
p00054,16aa7d0d-3f35-4612-a9ea-8a660a5af0a3,prompt,genre,1,0.6
p00054,16aa7d0d-3f35-4612-a9ea-8a660a5af0a3,prompt,mood,0,0.0
p00054,16aa7d0d-3f35-4612-a9ea-8a660a5af0a3,prompt,instrumentation,0,0.0
p00054,16aa7d0d-3f35-4612-a9ea-8a660a5af0a3,prompt,timbre,0,0.0
p00054,16aa7d0d-3f35-4612-a9ea-8a660a5af0a3,prompt,function,1,0.2
p00054,16aa7d0d-3f35-4612-a9ea-8a660a5af0a3,prompt,theory,0,0.0
p00054,16aa7d0d-3f35-4612-a9ea-8a660a5af0a3,prompt,story,1,0.2
p00055,42f15631-a541-4b30-8b29-4a1110136627,prompt,genre,1,0.4444444444444444
p00055,42f15631-a541-4b30-8b29-4a1110136627,prompt,mood,1,0.1111111111111111
p00055,42f15631-a541-4b30-8b29-4a1110136627,prompt,instrumentation,1,0.4444444444444444
p00055,42f15631-a541-4b30-8b29-4a1110136627,prompt,timbre,0,0.0
p00055,42f15631-a541-4b30-8b29-4a1110136627,prompt,function,0,0.0
p00055,42f15631-a541-4b30-8b29-4a1110136627,prompt,theory,0,0.0
p00055,42f15631-a541-4b30-8b29-4a1110136627,prompt,story,0,0.0
p00056,7606dd90-1f55-4f82-8970-ec55c9a05f80,prompt,genre,1,1.0
p00056,7606dd90-1f55-4f82-8970-ec55c9a05f80,prompt,mood,0,0.0
p00056,7606dd90-1f55-4f82-8970-ec55c9a05f80,prompt,instrumentation,0,0.0
p00056,7606dd90-1f55-4f82-8970-ec55c9a05f80,prompt,timbre,0,0.0
p00056,7606dd90-1f55-4f82-8970-ec55c9a05f80,prompt,function,0,0.0
p00056,7606dd90-1f55-4f82-8970-ec55c9a05f80,prompt,theory,0,0.0
p00056,7606dd90-1f55-4f82-8970-ec55c9a05f80,prompt,story,0,0.0
p00057,1fc27a56-36f6-4a2b-9d87-513f4a0a9058,prompt,genre,1,0.6666666666666666
p00057,1fc27a56-36f6-4a2b-9d87-513f4a0a9058,prompt,mood,0,0.0
p00057,1fc27a56-36f6-4a2b-9d87-513f4a0a9058,prompt,instrumentation,0,0.0
p00057,1fc27a56-36f6-4a2b-9d87-513f4a0a9058,prompt,timbre,0,0.0
p00057,1fc27a56-36f6-4a2b-9d87-513f4a0a9058,prompt,function,0,0.0
p00057,1fc27a56-36f6-4a2b-9d87-513f4a0a9058,prompt,theory,0,0.0
p00057,1fc27a56-36f6-4a2b-9d87-513f4a0a9058,prompt,story,1,0.3333333333333333
p00058,1fcc61c5-7033-469e-9d6a-a70822983eed,prompt,genre,1,0.375
p00058,1fcc61c5-7033-469e-9d6a-a70822983eed,prompt,mood,0,0.0
p00058,1fcc61c5-7033-469e-9d6a-a70822983eed,prompt,instrumentation,1,0.375
p00058,1fcc61c5-7033-469e-9d6a-a70822983eed,prompt,timbre,1,0.125
p00058,1fcc61c5-7033-469e-9d6a-a70822983eed,prompt,function,0,0.0
p00058,1fcc61c5-7033-469e-9d6a-a70822983eed,prompt,theory,0,0.0
p00058,1fcc61c5-7033-469e-9d6a-a70822983eed,prompt,story,1,0.125
p00059,1fce4fac-fe02-42f3-94ba-6c66c9cdccd2,prompt,genre,1,0.75
p00059,1fce4fac-fe02-42f3-94ba-6c66c9cdccd2,prompt,mood,0,0.0
p00059,1fce4fac-fe02-42f3-94ba-6c66c9cdccd2,prompt,instrumentation,0,0.0
p00059,1fce4fac-fe02-42f3-94ba-6c66c9cdccd2,prompt,timbre,0,0.0
p00059,1fce4fac-fe02-42f3-94ba-6c66c9cdccd2,prompt,function,0,0.0
p00059,1fce4fac-fe02-42f3-94ba-6c66c9cdccd2,prompt,theory,0,0.0
p00059,1fce4fac-fe02-42f3-94ba-6c66c9cdccd2,prompt,story,1,0.25
p00060,858415cc-1335-476e-ac56-9e0c6947ca9f,prompt,genre,0,0.0
p00060,858415cc-1335-476e-ac56-9e0c6947ca9f,prompt,mood,0,0.0
p00060,858415cc-1335-476e-ac56-9e0c6947ca9f,prompt,instrumentation,0,0.0
p00060,858415cc-1335-476e-ac56-9e0c6947ca9f,prompt,timbre,0,0.0
p00060,858415cc-1335-476e-ac56-9e0c6947ca9f,prompt,function,0,0.0
p00060,858415cc-1335-476e-ac56-9e0c6947ca9f,prompt,theory,0,0.0
p00060,858415cc-1335-476e-ac56-9e0c6947ca9f,prompt,story,1,1.0
p00061,957d1ef7-7bd1-4d9a-a682-cc6a55ef374e,prompt,genre,1,0.6666666666666666
p00061,957d1ef7-7bd1-4d9a-a682-cc6a55ef374e,prompt,mood,0,0.0
p00061,957d1ef7-7bd1-4d9a-a682-cc6a55ef374e,prompt,instrumentation,0,0.0
p00061,957d1ef7-7bd1-4d9a-a682-cc6a55ef374e,prompt,timbre,0,0.0
p00061,957d1ef7-7bd1-4d9a-a682-cc6a55ef374e,prompt,function,0,0.0
p00061,957d1ef7-7bd1-4d9a-a682-cc6a55ef374e,prompt,theory,0,0.0
p00061,957d1ef7-7bd1-4d9a-a682-cc6a55ef374e,prompt,story,1,0.3333333333333333
p00062,959ae3b5-07a9-464c-8e16-9f9d4faccd02,prompt,genre,1,0.4
p00062,959ae3b5-07a9-464c-8e16-9f9d4faccd02,prompt,mood,1,0.2
p00062,959ae3b5-07a9-464c-8e16-9f9d4faccd02,prompt,instrumentation,1,0.2
p00062,959ae3b5-07a9-464c-8e16-9f9d4faccd02,prompt,timbre,1,0.2
p00062,959ae3b5-07a9-464c-8e16-9f9d4faccd02,prompt,function,0,0.0
p00062,959ae3b5-07a9-464c-8e16-9f9d4faccd02,prompt,theory,0,0.0
p00062,959ae3b5-07a9-464c-8e16-9f9d4faccd02,prompt,story,0,0.0
p00063,0825d51f-0845-4009-ae83-5b7347403923,prompt,genre,0,0.0
p00063,0825d51f-0845-4009-ae83-5b7347403923,prompt,mood,1,0.3333333333333333
p00063,0825d51f-0845-4009-ae83-5b7347403923,prompt,instrumentation,0,0.0
p00063,0825d51f-0845-4009-ae83-5b7347403923,prompt,timbre,0,0.0
p00063,0825d51f-0845-4009-ae83-5b7347403923,prompt,function,0,0.0
p00063,0825d51f-0845-4009-ae83-5b7347403923,prompt,theory,0,0.0
p00063,0825d51f-0845-4009-ae83-5b7347403923,prompt,story,1,0.6666666666666666
p00064,2b52b4c3-c6fb-47b5-b47e-43b4b40f75d4,prompt,genre,1,0.1666666666666666
p00064,2b52b4c3-c6fb-47b5-b47e-43b4b40f75d4,prompt,mood,1,0.3333333333333333
p00064,2b52b4c3-c6fb-47b5-b47e-43b4b40f75d4,prompt,instrumentation,1,0.1666666666666666
p00064,2b52b4c3-c6fb-47b5-b47e-43b4b40f75d4,prompt,timbre,0,0.0
p00064,2b52b4c3-c6fb-47b5-b47e-43b4b40f75d4,prompt,function,1,0.1666666666666666
p00064,2b52b4c3-c6fb-47b5-b47e-43b4b40f75d4,prompt,theory,0,0.0
p00064,2b52b4c3-c6fb-47b5-b47e-43b4b40f75d4,prompt,story,1,0.1666666666666666
p00065,652ed6ff-5366-4dea-9870-280da8e43b39,prompt,genre,1,0.25
p00065,652ed6ff-5366-4dea-9870-280da8e43b39,prompt,mood,1,0.5
p00065,652ed6ff-5366-4dea-9870-280da8e43b39,prompt,instrumentation,0,0.0
p00065,652ed6ff-5366-4dea-9870-280da8e43b39,prompt,timbre,0,0.0
p00065,652ed6ff-5366-4dea-9870-280da8e43b39,prompt,function,0,0.0
p00065,652ed6ff-5366-4dea-9870-280da8e43b39,prompt,theory,0,0.0
p00065,652ed6ff-5366-4dea-9870-280da8e43b39,prompt,story,1,0.25
p00066,27f40db1-6caa-4c04-a4e7-f12e651af282,prompt,genre,1,0.25
p00066,27f40db1-6caa-4c04-a4e7-f12e651af282,prompt,mood,0,0.0
p00066,27f40db1-6caa-4c04-a4e7-f12e651af282,prompt,instrumentation,0,0.0
p00066,27f40db1-6caa-4c04-a4e7-f12e651af282,prompt,timbre,1,0.25
p00066,27f40db1-6caa-4c04-a4e7-f12e651af282,prompt,function,0,0.0
p00066,27f40db1-6caa-4c04-a4e7-f12e651af282,prompt,theory,0,0.0
p00066,27f40db1-6caa-4c04-a4e7-f12e651af282,prompt,story,1,0.5
p00067,20752527-76a9-4e5a-bdbd-82e225598fb7,prompt,genre,0,0.0
p00067,20752527-76a9-4e5a-bdbd-82e225598fb7,prompt,mood,0,0.0
p00067,20752527-76a9-4e5a-bdbd-82e225598fb7,prompt,instrumentation,0,0.0
p00067,20752527-76a9-4e5a-bdbd-82e225598fb7,prompt,timbre,1,0.3333333333333333
p00067,20752527-76a9-4e5a-bdbd-82e225598fb7,prompt,function,0,0.0
p00067,20752527-76a9-4e5a-bdbd-82e225598fb7,prompt,theory,1,0.3333333333333333
p00067,20752527-76a9-4e5a-bdbd-82e225598fb7,prompt,story,1,0.3333333333333333
p00068,be7b3ab7-8a50-4437-8acc-ac93487ab635,prompt,genre,0,0.0
p00068,be7b3ab7-8a50-4437-8acc-ac93487ab635,prompt,mood,0,0.0
p00068,be7b3ab7-8a50-4437-8acc-ac93487ab635,prompt,instrumentation,0,0.0
p00068,be7b3ab7-8a50-4437-8acc-ac93487ab635,prompt,timbre,0,0.0
p00068,be7b3ab7-8a50-4437-8acc-ac93487ab635,prompt,function,0,0.0
p00068,be7b3ab7-8a50-4437-8acc-ac93487ab635,prompt,theory,0,0.0
p00068,be7b3ab7-8a50-4437-8acc-ac93487ab635,prompt,story,1,1.0
p00069,be9d0001-9386-4d1a-b85c-c2eb1a216754,prompt,genre,1,0.1666666666666666
p00069,be9d0001-9386-4d1a-b85c-c2eb1a216754,prompt,mood,1,0.3333333333333333
p00069,be9d0001-9386-4d1a-b85c-c2eb1a216754,prompt,instrumentation,1,0.3333333333333333
p00069,be9d0001-9386-4d1a-b85c-c2eb1a216754,prompt,timbre,0,0.0
p00069,be9d0001-9386-4d1a-b85c-c2eb1a216754,prompt,function,0,0.0
p00069,be9d0001-9386-4d1a-b85c-c2eb1a216754,prompt,theory,0,0.0
p00069,be9d0001-9386-4d1a-b85c-c2eb1a216754,prompt,story,1,0.1666666666666666
p00070,bea4ed25-c74b-4eca-b131-8088aa41a588,prompt,genre,1,0.2
p00070,bea4ed25-c74b-4eca-b131-8088aa41a588,prompt,mood,1,0.2
p00070,bea4ed25-c74b-4eca-b131-8088aa41a588,prompt,instrumentation,1,0.2
p00070,bea4ed25-c74b-4eca-b131-8088aa41a588,prompt,timbre,0,0.0
p00070,bea4ed25-c74b-4eca-b131-8088aa41a588,prompt,function,0,0.0
p00070,bea4ed25-c74b-4eca-b131-8088aa41a588,prompt,theory,0,0.0
p00070,bea4ed25-c74b-4eca-b131-8088aa41a588,prompt,story,1,0.4
p00071,2f52deb7-1947-4e11-9178-e8745a35b9e6,prompt,genre,1,0.25
p00071,2f52deb7-1947-4e11-9178-e8745a35b9e6,prompt,mood,0,0.0
p00071,2f52deb7-1947-4e11-9178-e8745a35b9e6,prompt,instrumentation,0,0.0
p00071,2f52deb7-1947-4e11-9178-e8745a35b9e6,prompt,timbre,0,0.0
p00071,2f52deb7-1947-4e11-9178-e8745a35b9e6,prompt,function,0,0.0
p00071,2f52deb7-1947-4e11-9178-e8745a35b9e6,prompt,theory,0,0.0
p00071,2f52deb7-1947-4e11-9178-e8745a35b9e6,prompt,story,1,0.75
p00072,b7aa837e-a53b-4f8a-97ed-e339ecd96dae,prompt,genre,1,0.8571428571428571
p00072,b7aa837e-a53b-4f8a-97ed-e339ecd96dae,prompt,mood,0,0.0
p00072,b7aa837e-a53b-4f8a-97ed-e339ecd96dae,prompt,instrumentation,1,0.1428571428571428
p00072,b7aa837e-a53b-4f8a-97ed-e339ecd96dae,prompt,timbre,0,0.0
p00072,b7aa837e-a53b-4f8a-97ed-e339ecd96dae,prompt,function,0,0.0
p00072,b7aa837e-a53b-4f8a-97ed-e339ecd96dae,prompt,theory,0,0.0
p00072,b7aa837e-a53b-4f8a-97ed-e339ecd96dae,prompt,story,0,0.0
p00073,583280dc-ce99-4a35-a684-823a7b60d753,prompt,genre,1,0.3333333333333333
p00073,583280dc-ce99-4a35-a684-823a7b60d753,prompt,mood,1,0.2222222222222222
p00073,583280dc-ce99-4a35-a684-823a7b60d753,prompt,instrumentation,1,0.3333333333333333
p00073,583280dc-ce99-4a35-a684-823a7b60d753,prompt,timbre,0,0.0
p00073,583280dc-ce99-4a35-a684-823a7b60d753,prompt,function,0,0.0
p00073,583280dc-ce99-4a35-a684-823a7b60d753,prompt,theory,0,0.0
p00073,583280dc-ce99-4a35-a684-823a7b60d753,prompt,story,1,0.1111111111111111
p00074,58339466-2de5-4409-be95-54e99dd0b88b,prompt,genre,1,1.0
p00074,58339466-2de5-4409-be95-54e99dd0b88b,prompt,mood,0,0.0
p00074,58339466-2de5-4409-be95-54e99dd0b88b,prompt,instrumentation,0,0.0
p00074,58339466-2de5-4409-be95-54e99dd0b88b,prompt,timbre,0,0.0
p00074,58339466-2de5-4409-be95-54e99dd0b88b,prompt,function,0,0.0
p00074,58339466-2de5-4409-be95-54e99dd0b88b,prompt,theory,0,0.0
p00074,58339466-2de5-4409-be95-54e99dd0b88b,prompt,story,0,0.0
p00075,61375a85-29d0-4b45-9ff9-5bd133094b1f,prompt,genre,1,0.25
p00075,61375a85-29d0-4b45-9ff9-5bd133094b1f,prompt,mood,0,0.0
p00075,61375a85-29d0-4b45-9ff9-5bd133094b1f,prompt,instrumentation,0,0.0
p00075,61375a85-29d0-4b45-9ff9-5bd133094b1f,prompt,timbre,0,0.0
p00075,61375a85-29d0-4b45-9ff9-5bd133094b1f,prompt,function,1,0.25
p00075,61375a85-29d0-4b45-9ff9-5bd133094b1f,prompt,theory,0,0.0
p00075,61375a85-29d0-4b45-9ff9-5bd133094b1f,prompt,story,1,0.5
p00076,6184d460-21d8-4a0c-b029-31aa4dce91af,prompt,genre,1,0.3333333333333333
p00076,6184d460-21d8-4a0c-b029-31aa4dce91af,prompt,mood,0,0.0
p00076,6184d460-21d8-4a0c-b029-31aa4dce91af,prompt,instrumentation,1,0.3333333333333333
p00076,6184d460-21d8-4a0c-b029-31aa4dce91af,prompt,timbre,0,0.0
p00076,6184d460-21d8-4a0c-b029-31aa4dce91af,prompt,function,0,0.0
p00076,6184d460-21d8-4a0c-b029-31aa4dce91af,prompt,theory,0,0.0
p00076,6184d460-21d8-4a0c-b029-31aa4dce91af,prompt,story,1,0.3333333333333333
p00077,65239b62-1cec-4b3a-9f6c-583a3ca80ff5,prompt,genre,1,0.25
p00077,65239b62-1cec-4b3a-9f6c-583a3ca80ff5,prompt,mood,0,0.0
p00077,65239b62-1cec-4b3a-9f6c-583a3ca80ff5,prompt,instrumentation,0,0.0
p00077,65239b62-1cec-4b3a-9f6c-583a3ca80ff5,prompt,timbre,0,0.0
p00077,65239b62-1cec-4b3a-9f6c-583a3ca80ff5,prompt,function,0,0.0
p00077,65239b62-1cec-4b3a-9f6c-583a3ca80ff5,prompt,theory,0,0.0
p00077,65239b62-1cec-4b3a-9f6c-583a3ca80ff5,prompt,story,1,0.75
p00078,3a357ba5-4c78-432d-81fe-c920ac31ed50,prompt,genre,1,0.5
p00078,3a357ba5-4c78-432d-81fe-c920ac31ed50,prompt,mood,0,0.0
p00078,3a357ba5-4c78-432d-81fe-c920ac31ed50,prompt,instrumentation,0,0.0
p00078,3a357ba5-4c78-432d-81fe-c920ac31ed50,prompt,timbre,0,0.0
p00078,3a357ba5-4c78-432d-81fe-c920ac31ed50,prompt,function,0,0.0
p00078,3a357ba5-4c78-432d-81fe-c920ac31ed50,prompt,theory,0,0.0
p00078,3a357ba5-4c78-432d-81fe-c920ac31ed50,prompt,story,1,0.5
p00079,3a5cb7e8-d45f-481e-bd93-d38a23edcb34,prompt,genre,1,0.25
p00079,3a5cb7e8-d45f-481e-bd93-d38a23edcb34,prompt,mood,0,0.0
p00079,3a5cb7e8-d45f-481e-bd93-d38a23edcb34,prompt,instrumentation,0,0.0
p00079,3a5cb7e8-d45f-481e-bd93-d38a23edcb34,prompt,timbre,0,0.0
p00079,3a5cb7e8-d45f-481e-bd93-d38a23edcb34,prompt,function,0,0.0
p00079,3a5cb7e8-d45f-481e-bd93-d38a23edcb34,prompt,theory,0,0.0
p00079,3a5cb7e8-d45f-481e-bd93-d38a23edcb34,prompt,story,1,0.75
p00080,e66caf62-70ce-418a-875d-b778d6e27cc5,prompt,genre,1,0.5
p00080,e66caf62-70ce-418a-875d-b778d6e27cc5,prompt,mood,0,0.0
p00080,e66caf62-70ce-418a-875d-b778d6e27cc5,prompt,instrumentation,0,0.0
p00080,e66caf62-70ce-418a-875d-b778d6e27cc5,prompt,timbre,0,0.0
p00080,e66caf62-70ce-418a-875d-b778d6e27cc5,prompt,function,0,0.0
p00080,e66caf62-70ce-418a-875d-b778d6e27cc5,prompt,theory,0,0.0
p00080,e66caf62-70ce-418a-875d-b778d6e27cc5,prompt,story,1,0.5
p00081,0c1cecb1-1601-43cc-8bc9-c51256abe2f0,prompt,genre,0,0.0
p00081,0c1cecb1-1601-43cc-8bc9-c51256abe2f0,prompt,mood,0,0.0
p00081,0c1cecb1-1601-43cc-8bc9-c51256abe2f0,prompt,instrumentation,0,0.0
p00081,0c1cecb1-1601-43cc-8bc9-c51256abe2f0,prompt,timbre,0,0.0
p00081,0c1cecb1-1601-43cc-8bc9-c51256abe2f0,prompt,function,0,0.0
p00081,0c1cecb1-1601-43cc-8bc9-c51256abe2f0,prompt,theory,0,0.0
p00081,0c1cecb1-1601-43cc-8bc9-c51256abe2f0,prompt,story,1,1.0
p00082,517bf045-71e3-4661-baae-096ecb85fbbb,prompt,genre,1,0.2
p00082,517bf045-71e3-4661-baae-096ecb85fbbb,prompt,mood,0,0.0
p00082,517bf045-71e3-4661-baae-096ecb85fbbb,prompt,instrumentation,1,0.4
p00082,517bf045-71e3-4661-baae-096ecb85fbbb,prompt,timbre,1,0.2
p00082,517bf045-71e3-4661-baae-096ecb85fbbb,prompt,function,0,0.0
p00082,517bf045-71e3-4661-baae-096ecb85fbbb,prompt,theory,0,0.0
p00082,517bf045-71e3-4661-baae-096ecb85fbbb,prompt,story,1,0.2
p00083,7a6c8429-fbc7-4e0e-bf89-61eee2072407,prompt,genre,1,0.5
p00083,7a6c8429-fbc7-4e0e-bf89-61eee2072407,prompt,mood,0,0.0
p00083,7a6c8429-fbc7-4e0e-bf89-61eee2072407,prompt,instrumentation,0,0.0
p00083,7a6c8429-fbc7-4e0e-bf89-61eee2072407,prompt,timbre,0,0.0
p00083,7a6c8429-fbc7-4e0e-bf89-61eee2072407,prompt,function,0,0.0
p00083,7a6c8429-fbc7-4e0e-bf89-61eee2072407,prompt,theory,0,0.0
p00083,7a6c8429-fbc7-4e0e-bf89-61eee2072407,prompt,story,1,0.5
p00084,7a83cea8-c6f4-4944-8823-68aef4c971c6,prompt,genre,1,0.2
p00084,7a83cea8-c6f4-4944-8823-68aef4c971c6,prompt,mood,1,0.2
p00084,7a83cea8-c6f4-4944-8823-68aef4c971c6,prompt,instrumentation,1,0.2
p00084,7a83cea8-c6f4-4944-8823-68aef4c971c6,prompt,timbre,0,0.0
p00084,7a83cea8-c6f4-4944-8823-68aef4c971c6,prompt,function,0,0.0
p00084,7a83cea8-c6f4-4944-8823-68aef4c971c6,prompt,theory,0,0.0
p00084,7a83cea8-c6f4-4944-8823-68aef4c971c6,prompt,story,1,0.4
p00085,cc598c82-8126-4cdf-9091-fa7cfbfc539a,prompt,genre,1,0.6
p00085,cc598c82-8126-4cdf-9091-fa7cfbfc539a,prompt,mood,0,0.0
p00085,cc598c82-8126-4cdf-9091-fa7cfbfc539a,prompt,instrumentation,0,0.0
p00085,cc598c82-8126-4cdf-9091-fa7cfbfc539a,prompt,timbre,1,0.2
p00085,cc598c82-8126-4cdf-9091-fa7cfbfc539a,prompt,function,0,0.0
p00085,cc598c82-8126-4cdf-9091-fa7cfbfc539a,prompt,theory,1,0.2
p00085,cc598c82-8126-4cdf-9091-fa7cfbfc539a,prompt,story,0,0.0
p00086,f190fc46-b387-4437-a37e-c2e4f2c4a4e9,prompt,genre,1,0.6666666666666666
p00086,f190fc46-b387-4437-a37e-c2e4f2c4a4e9,prompt,mood,0,0.0
p00086,f190fc46-b387-4437-a37e-c2e4f2c4a4e9,prompt,instrumentation,0,0.0
p00086,f190fc46-b387-4437-a37e-c2e4f2c4a4e9,prompt,timbre,0,0.0
p00086,f190fc46-b387-4437-a37e-c2e4f2c4a4e9,prompt,function,0,0.0
p00086,f190fc46-b387-4437-a37e-c2e4f2c4a4e9,prompt,theory,0,0.0
p00086,f190fc46-b387-4437-a37e-c2e4f2c4a4e9,prompt,story,1,0.3333333333333333
p00087,9c7e479a-5c4d-46d9-8ecc-2c5849ae114e,prompt,genre,1,0.5
p00087,9c7e479a-5c4d-46d9-8ecc-2c5849ae114e,prompt,mood,0,0.0
p00087,9c7e479a-5c4d-46d9-8ecc-2c5849ae114e,prompt,instrumentation,0,0.0
p00087,9c7e479a-5c4d-46d9-8ecc-2c5849ae114e,prompt,timbre,0,0.0
p00087,9c7e479a-5c4d-46d9-8ecc-2c5849ae114e,prompt,function,0,0.0
p00087,9c7e479a-5c4d-46d9-8ecc-2c5849ae114e,prompt,theory,0,0.0
p00087,9c7e479a-5c4d-46d9-8ecc-2c5849ae114e,prompt,story,1,0.5
p00088,2c080e35-5332-4784-a590-bbf9db7e765d,prompt,genre,0,0.0
p00088,2c080e35-5332-4784-a590-bbf9db7e765d,prompt,mood,0,0.0
p00088,2c080e35-5332-4784-a590-bbf9db7e765d,prompt,instrumentation,0,0.0
p00088,2c080e35-5332-4784-a590-bbf9db7e765d,prompt,timbre,0,0.0
p00088,2c080e35-5332-4784-a590-bbf9db7e765d,prompt,function,0,0.0
p00088,2c080e35-5332-4784-a590-bbf9db7e765d,prompt,theory,0,0.0
p00088,2c080e35-5332-4784-a590-bbf9db7e765d,prompt,story,1,1.0
p00089,0f2e29c0-780e-45ae-b2b1-abb3c2c77c8a,prompt,genre,1,0.75
p00089,0f2e29c0-780e-45ae-b2b1-abb3c2c77c8a,prompt,mood,0,0.0
p00089,0f2e29c0-780e-45ae-b2b1-abb3c2c77c8a,prompt,instrumentation,0,0.0
p00089,0f2e29c0-780e-45ae-b2b1-abb3c2c77c8a,prompt,timbre,0,0.0
p00089,0f2e29c0-780e-45ae-b2b1-abb3c2c77c8a,prompt,function,0,0.0
p00089,0f2e29c0-780e-45ae-b2b1-abb3c2c77c8a,prompt,theory,0,0.0
p00089,0f2e29c0-780e-45ae-b2b1-abb3c2c77c8a,prompt,story,1,0.25
p00090,479be710-4ceb-4509-8c44-55f981fa0637,prompt,genre,1,0.8
p00090,479be710-4ceb-4509-8c44-55f981fa0637,prompt,mood,0,0.0
p00090,479be710-4ceb-4509-8c44-55f981fa0637,prompt,instrumentation,0,0.0
p00090,479be710-4ceb-4509-8c44-55f981fa0637,prompt,timbre,0,0.0
p00090,479be710-4ceb-4509-8c44-55f981fa0637,prompt,function,0,0.0
p00090,479be710-4ceb-4509-8c44-55f981fa0637,prompt,theory,0,0.0
p00090,479be710-4ceb-4509-8c44-55f981fa0637,prompt,story,1,0.2
p00091,6cff0016-0d2e-4199-9cb2-48317bc30512,prompt,genre,1,0.6363636363636364
p00091,6cff0016-0d2e-4199-9cb2-48317bc30512,prompt,mood,0,0.0
p00091,6cff0016-0d2e-4199-9cb2-48317bc30512,prompt,instrumentation,1,0.2727272727272727
p00091,6cff0016-0d2e-4199-9cb2-48317bc30512,prompt,timbre,0,0.0
p00091,6cff0016-0d2e-4199-9cb2-48317bc30512,prompt,function,0,0.0
p00091,6cff0016-0d2e-4199-9cb2-48317bc30512,prompt,theory,1,0.0909090909090909
p00091,6cff0016-0d2e-4199-9cb2-48317bc30512,prompt,story,0,0.0
p00092,82297794-bd7d-4718-9fcb-b3a10d824475,prompt,genre,1,0.5
p00092,82297794-bd7d-4718-9fcb-b3a10d824475,prompt,mood,0,0.0
p00092,82297794-bd7d-4718-9fcb-b3a10d824475,prompt,instrumentation,0,0.0
p00092,82297794-bd7d-4718-9fcb-b3a10d824475,prompt,timbre,0,0.0
p00092,82297794-bd7d-4718-9fcb-b3a10d824475,prompt,function,1,0.25
p00092,82297794-bd7d-4718-9fcb-b3a10d824475,prompt,theory,0,0.0
p00092,82297794-bd7d-4718-9fcb-b3a10d824475,prompt,story,1,0.25
p00093,8235499a-b4cf-4189-9570-ee2f9bad03e0,prompt,genre,1,0.6666666666666666
p00093,8235499a-b4cf-4189-9570-ee2f9bad03e0,prompt,mood,0,0.0
p00093,8235499a-b4cf-4189-9570-ee2f9bad03e0,prompt,instrumentation,0,0.0
p00093,8235499a-b4cf-4189-9570-ee2f9bad03e0,prompt,timbre,0,0.0
p00093,8235499a-b4cf-4189-9570-ee2f9bad03e0,prompt,function,0,0.0
p00093,8235499a-b4cf-4189-9570-ee2f9bad03e0,prompt,theory,0,0.0
p00093,8235499a-b4cf-4189-9570-ee2f9bad03e0,prompt,story,1,0.3333333333333333
p00094,1acbac5c-f315-45df-8041-037b55620a92,prompt,genre,1,0.7142857142857143
p00094,1acbac5c-f315-45df-8041-037b55620a92,prompt,mood,0,0.0
p00094,1acbac5c-f315-45df-8041-037b55620a92,prompt,instrumentation,1,0.1428571428571428
p00094,1acbac5c-f315-45df-8041-037b55620a92,prompt,timbre,0,0.0
p00094,1acbac5c-f315-45df-8041-037b55620a92,prompt,function,0,0.0
p00094,1acbac5c-f315-45df-8041-037b55620a92,prompt,theory,1,0.1428571428571428
p00094,1acbac5c-f315-45df-8041-037b55620a92,prompt,story,0,0.0
p00095,a73408ef-f0f9-4280-88fd-62f8c13bc9af,prompt,genre,1,0.4285714285714285
p00095,a73408ef-f0f9-4280-88fd-62f8c13bc9af,prompt,mood,1,0.1428571428571428
p00095,a73408ef-f0f9-4280-88fd-62f8c13bc9af,prompt,instrumentation,1,0.2857142857142857
p00095,a73408ef-f0f9-4280-88fd-62f8c13bc9af,prompt,timbre,0,0.0
p00095,a73408ef-f0f9-4280-88fd-62f8c13bc9af,prompt,function,0,0.0
p00095,a73408ef-f0f9-4280-88fd-62f8c13bc9af,prompt,theory,1,0.1428571428571428
p00095,a73408ef-f0f9-4280-88fd-62f8c13bc9af,prompt,story,0,0.0
p00096,04834f9a-eb2e-48b4-95d6-4e937dd2ad86,prompt,genre,1,0.2
p00096,04834f9a-eb2e-48b4-95d6-4e937dd2ad86,prompt,mood,0,0.0
p00096,04834f9a-eb2e-48b4-95d6-4e937dd2ad86,prompt,instrumentation,0,0.0
p00096,04834f9a-eb2e-48b4-95d6-4e937dd2ad86,prompt,timbre,0,0.0
p00096,04834f9a-eb2e-48b4-95d6-4e937dd2ad86,prompt,function,0,0.0
p00096,04834f9a-eb2e-48b4-95d6-4e937dd2ad86,prompt,theory,0,0.0
p00096,04834f9a-eb2e-48b4-95d6-4e937dd2ad86,prompt,story,1,0.8
p00097,04a39cf5-a7c3-4d9b-8d32-4bfc6f316283,prompt,genre,1,0.25
p00097,04a39cf5-a7c3-4d9b-8d32-4bfc6f316283,prompt,mood,0,0.0
p00097,04a39cf5-a7c3-4d9b-8d32-4bfc6f316283,prompt,instrumentation,1,0.25
p00097,04a39cf5-a7c3-4d9b-8d32-4bfc6f316283,prompt,timbre,0,0.0
p00097,04a39cf5-a7c3-4d9b-8d32-4bfc6f316283,prompt,function,0,0.0
p00097,04a39cf5-a7c3-4d9b-8d32-4bfc6f316283,prompt,theory,0,0.0
p00097,04a39cf5-a7c3-4d9b-8d32-4bfc6f316283,prompt,story,1,0.5
p00098,b0f6dcc3-7aeb-4d48-9811-f8195dc8aefc,prompt,genre,1,0.3333333333333333
p00098,b0f6dcc3-7aeb-4d48-9811-f8195dc8aefc,prompt,mood,0,0.0
p00098,b0f6dcc3-7aeb-4d48-9811-f8195dc8aefc,prompt,instrumentation,0,0.0
p00098,b0f6dcc3-7aeb-4d48-9811-f8195dc8aefc,prompt,timbre,0,0.0
p00098,b0f6dcc3-7aeb-4d48-9811-f8195dc8aefc,prompt,function,0,0.0
p00098,b0f6dcc3-7aeb-4d48-9811-f8195dc8aefc,prompt,theory,0,0.0
p00098,b0f6dcc3-7aeb-4d48-9811-f8195dc8aefc,prompt,story,1,0.6666666666666666
p00099,346756fd-269e-4421-8530-cd79b74d1a98,prompt,genre,1,0.5
p00099,346756fd-269e-4421-8530-cd79b74d1a98,prompt,mood,0,0.0
p00099,346756fd-269e-4421-8530-cd79b74d1a98,prompt,instrumentation,0,0.0
p00099,346756fd-269e-4421-8530-cd79b74d1a98,prompt,timbre,0,0.0
p00099,346756fd-269e-4421-8530-cd79b74d1a98,prompt,function,0,0.0
p00099,346756fd-269e-4421-8530-cd79b74d1a98,prompt,theory,0,0.0
p00099,346756fd-269e-4421-8530-cd79b74d1a98,prompt,story,1,0.5
p00100,34c793a1-0af4-469e-961d-b1c85d24836b,prompt,genre,1,0.3333333333333333
p00100,34c793a1-0af4-469e-961d-b1c85d24836b,prompt,mood,0,0.0
p00100,34c793a1-0af4-469e-961d-b1c85d24836b,prompt,instrumentation,1,0.5
p00100,34c793a1-0af4-469e-961d-b1c85d24836b,prompt,timbre,0,0.0
p00100,34c793a1-0af4-469e-961d-b1c85d24836b,prompt,function,0,0.0
p00100,34c793a1-0af4-469e-961d-b1c85d24836b,prompt,theory,0,0.0
p00100,34c793a1-0af4-469e-961d-b1c85d24836b,prompt,story,1,0.1666666666666666
p00101,7e425ed4-399b-4c72-a0ac-97caf841c3fb,prompt,genre,1,0.25
p00101,7e425ed4-399b-4c72-a0ac-97caf841c3fb,prompt,mood,0,0.0
p00101,7e425ed4-399b-4c72-a0ac-97caf841c3fb,prompt,instrumentation,1,0.25
p00101,7e425ed4-399b-4c72-a0ac-97caf841c3fb,prompt,timbre,0,0.0
p00101,7e425ed4-399b-4c72-a0ac-97caf841c3fb,prompt,function,0,0.0
p00101,7e425ed4-399b-4c72-a0ac-97caf841c3fb,prompt,theory,0,0.0
p00101,7e425ed4-399b-4c72-a0ac-97caf841c3fb,prompt,story,1,0.5
p00102,25e7176b-dcd9-4b4b-84bf-eff49700574a,prompt,genre,1,1.0
p00102,25e7176b-dcd9-4b4b-84bf-eff49700574a,prompt,mood,0,0.0
p00102,25e7176b-dcd9-4b4b-84bf-eff49700574a,prompt,instrumentation,0,0.0
p00102,25e7176b-dcd9-4b4b-84bf-eff49700574a,prompt,timbre,0,0.0
p00102,25e7176b-dcd9-4b4b-84bf-eff49700574a,prompt,function,0,0.0
p00102,25e7176b-dcd9-4b4b-84bf-eff49700574a,prompt,theory,0,0.0
p00102,25e7176b-dcd9-4b4b-84bf-eff49700574a,prompt,story,0,0.0
p00103,325c3403-d7f7-4fa0-835b-27f06fdd9015,prompt,genre,1,0.2222222222222222
p00103,325c3403-d7f7-4fa0-835b-27f06fdd9015,prompt,mood,1,0.1111111111111111
p00103,325c3403-d7f7-4fa0-835b-27f06fdd9015,prompt,instrumentation,1,0.5555555555555556
p00103,325c3403-d7f7-4fa0-835b-27f06fdd9015,prompt,timbre,1,0.1111111111111111
p00103,325c3403-d7f7-4fa0-835b-27f06fdd9015,prompt,function,0,0.0
p00103,325c3403-d7f7-4fa0-835b-27f06fdd9015,prompt,theory,0,0.0
p00103,325c3403-d7f7-4fa0-835b-27f06fdd9015,prompt,story,0,0.0
p00104,96382602-5e97-430f-967d-0799d90262c7,prompt,genre,1,0.25
p00104,96382602-5e97-430f-967d-0799d90262c7,prompt,mood,1,0.5
p00104,96382602-5e97-430f-967d-0799d90262c7,prompt,instrumentation,0,0.0
p00104,96382602-5e97-430f-967d-0799d90262c7,prompt,timbre,0,0.0
p00104,96382602-5e97-430f-967d-0799d90262c7,prompt,function,0,0.0
p00104,96382602-5e97-430f-967d-0799d90262c7,prompt,theory,1,0.25
p00104,96382602-5e97-430f-967d-0799d90262c7,prompt,story,0,0.0
p00105,fa94bad4-6431-40a7-9811-7ebe8da07931,prompt,genre,1,0.4285714285714285
p00105,fa94bad4-6431-40a7-9811-7ebe8da07931,prompt,mood,0,0.0
p00105,fa94bad4-6431-40a7-9811-7ebe8da07931,prompt,instrumentation,1,0.2857142857142857
p00105,fa94bad4-6431-40a7-9811-7ebe8da07931,prompt,timbre,1,0.2857142857142857
p00105,fa94bad4-6431-40a7-9811-7ebe8da07931,prompt,function,0,0.0
p00105,fa94bad4-6431-40a7-9811-7ebe8da07931,prompt,theory,0,0.0
p00105,fa94bad4-6431-40a7-9811-7ebe8da07931,prompt,story,0,0.0
p00106,0244da5b-f3c0-49b4-b5c8-2ad5bd3f731f,prompt,genre,1,0.25
p00106,0244da5b-f3c0-49b4-b5c8-2ad5bd3f731f,prompt,mood,0,0.0
p00106,0244da5b-f3c0-49b4-b5c8-2ad5bd3f731f,prompt,instrumentation,1,0.25
p00106,0244da5b-f3c0-49b4-b5c8-2ad5bd3f731f,prompt,timbre,0,0.0
p00106,0244da5b-f3c0-49b4-b5c8-2ad5bd3f731f,prompt,function,0,0.0
p00106,0244da5b-f3c0-49b4-b5c8-2ad5bd3f731f,prompt,theory,1,0.5
p00106,0244da5b-f3c0-49b4-b5c8-2ad5bd3f731f,prompt,story,0,0.0
p00107,024669e0-0876-403e-8520-2001de3cb22a,prompt,genre,1,0.5
p00107,024669e0-0876-403e-8520-2001de3cb22a,prompt,mood,0,0.0
p00107,024669e0-0876-403e-8520-2001de3cb22a,prompt,instrumentation,0,0.0
p00107,024669e0-0876-403e-8520-2001de3cb22a,prompt,timbre,0,0.0
p00107,024669e0-0876-403e-8520-2001de3cb22a,prompt,function,0,0.0
p00107,024669e0-0876-403e-8520-2001de3cb22a,prompt,theory,0,0.0
p00107,024669e0-0876-403e-8520-2001de3cb22a,prompt,story,1,0.5
p00108,4cd02c55-36e8-46dd-9941-50cee7f88672,prompt,genre,1,0.8333333333333334
p00108,4cd02c55-36e8-46dd-9941-50cee7f88672,prompt,mood,1,0.1666666666666666
p00108,4cd02c55-36e8-46dd-9941-50cee7f88672,prompt,instrumentation,0,0.0
p00108,4cd02c55-36e8-46dd-9941-50cee7f88672,prompt,timbre,0,0.0
p00108,4cd02c55-36e8-46dd-9941-50cee7f88672,prompt,function,0,0.0
p00108,4cd02c55-36e8-46dd-9941-50cee7f88672,prompt,theory,0,0.0
p00108,4cd02c55-36e8-46dd-9941-50cee7f88672,prompt,story,0,0.0
p00109,4ce5fcbf-3111-4a0d-bb7d-1d16cf9e232a,prompt,genre,1,0.25
p00109,4ce5fcbf-3111-4a0d-bb7d-1d16cf9e232a,prompt,mood,1,0.25
p00109,4ce5fcbf-3111-4a0d-bb7d-1d16cf9e232a,prompt,instrumentation,0,0.0
p00109,4ce5fcbf-3111-4a0d-bb7d-1d16cf9e232a,prompt,timbre,0,0.0
p00109,4ce5fcbf-3111-4a0d-bb7d-1d16cf9e232a,prompt,function,1,0.25
p00109,4ce5fcbf-3111-4a0d-bb7d-1d16cf9e232a,prompt,theory,0,0.0
p00109,4ce5fcbf-3111-4a0d-bb7d-1d16cf9e232a,prompt,story,1,0.25
p00110,56ea63b7-77b6-401b-a4a4-f3a4cc956032,prompt,genre,1,0.5
p00110,56ea63b7-77b6-401b-a4a4-f3a4cc956032,prompt,mood,0,0.0
p00110,56ea63b7-77b6-401b-a4a4-f3a4cc956032,prompt,instrumentation,0,0.0
p00110,56ea63b7-77b6-401b-a4a4-f3a4cc956032,prompt,timbre,0,0.0
p00110,56ea63b7-77b6-401b-a4a4-f3a4cc956032,prompt,function,0,0.0
p00110,56ea63b7-77b6-401b-a4a4-f3a4cc956032,prompt,theory,0,0.0
p00110,56ea63b7-77b6-401b-a4a4-f3a4cc956032,prompt,story,1,0.5
p00111,ec9f0bca-7956-4fa4-8654-5e6c2643399f,prompt,genre,1,0.4
p00111,ec9f0bca-7956-4fa4-8654-5e6c2643399f,prompt,mood,1,0.4
p00111,ec9f0bca-7956-4fa4-8654-5e6c2643399f,prompt,instrumentation,1,0.2
p00111,ec9f0bca-7956-4fa4-8654-5e6c2643399f,prompt,timbre,0,0.0
p00111,ec9f0bca-7956-4fa4-8654-5e6c2643399f,prompt,function,0,0.0
p00111,ec9f0bca-7956-4fa4-8654-5e6c2643399f,prompt,theory,0,0.0
p00111,ec9f0bca-7956-4fa4-8654-5e6c2643399f,prompt,story,0,0.0
p00112,4ad18a9e-43ea-4de2-b02a-d302deb1e42c,prompt,genre,1,0.1666666666666666
p00112,4ad18a9e-43ea-4de2-b02a-d302deb1e42c,prompt,mood,1,0.25
p00112,4ad18a9e-43ea-4de2-b02a-d302deb1e42c,prompt,instrumentation,1,0.5
p00112,4ad18a9e-43ea-4de2-b02a-d302deb1e42c,prompt,timbre,0,0.0
p00112,4ad18a9e-43ea-4de2-b02a-d302deb1e42c,prompt,function,0,0.0
p00112,4ad18a9e-43ea-4de2-b02a-d302deb1e42c,prompt,theory,1,0.0833333333333333
p00112,4ad18a9e-43ea-4de2-b02a-d302deb1e42c,prompt,story,0,0.0
p00113,4ae99a8d-f134-4966-a28f-281bca94fe22,prompt,genre,1,0.6666666666666666
p00113,4ae99a8d-f134-4966-a28f-281bca94fe22,prompt,mood,0,0.0
p00113,4ae99a8d-f134-4966-a28f-281bca94fe22,prompt,instrumentation,0,0.0
p00113,4ae99a8d-f134-4966-a28f-281bca94fe22,prompt,timbre,0,0.0
p00113,4ae99a8d-f134-4966-a28f-281bca94fe22,prompt,function,0,0.0
p00113,4ae99a8d-f134-4966-a28f-281bca94fe22,prompt,theory,0,0.0
p00113,4ae99a8d-f134-4966-a28f-281bca94fe22,prompt,story,1,0.3333333333333333
p00114,189707c6-89e6-4846-9c38-b40afe59fa89,prompt,genre,0,0.0
p00114,189707c6-89e6-4846-9c38-b40afe59fa89,prompt,mood,0,0.0
p00114,189707c6-89e6-4846-9c38-b40afe59fa89,prompt,instrumentation,0,0.0
p00114,189707c6-89e6-4846-9c38-b40afe59fa89,prompt,timbre,0,0.0
p00114,189707c6-89e6-4846-9c38-b40afe59fa89,prompt,function,0,0.0
p00114,189707c6-89e6-4846-9c38-b40afe59fa89,prompt,theory,0,0.0
p00114,189707c6-89e6-4846-9c38-b40afe59fa89,prompt,story,1,1.0
p00115,77056edb-735f-4b6c-a08f-875ac062056d,prompt,genre,1,0.6666666666666666
p00115,77056edb-735f-4b6c-a08f-875ac062056d,prompt,mood,0,0.0
p00115,77056edb-735f-4b6c-a08f-875ac062056d,prompt,instrumentation,0,0.0
p00115,77056edb-735f-4b6c-a08f-875ac062056d,prompt,timbre,0,0.0
p00115,77056edb-735f-4b6c-a08f-875ac062056d,prompt,function,0,0.0
p00115,77056edb-735f-4b6c-a08f-875ac062056d,prompt,theory,0,0.0
p00115,77056edb-735f-4b6c-a08f-875ac062056d,prompt,story,1,0.3333333333333333
p00116,53d73137-83c6-4e4f-ac78-85cf9b779e10,prompt,genre,1,0.6666666666666666
p00116,53d73137-83c6-4e4f-ac78-85cf9b779e10,prompt,mood,0,0.0
p00116,53d73137-83c6-4e4f-ac78-85cf9b779e10,prompt,instrumentation,1,0.1666666666666666
p00116,53d73137-83c6-4e4f-ac78-85cf9b779e10,prompt,timbre,0,0.0
p00116,53d73137-83c6-4e4f-ac78-85cf9b779e10,prompt,function,0,0.0
p00116,53d73137-83c6-4e4f-ac78-85cf9b779e10,prompt,theory,0,0.0
p00116,53d73137-83c6-4e4f-ac78-85cf9b779e10,prompt,story,1,0.1666666666666666
p00117,5583d3b7-8692-4c18-85fc-f46f0ceef5f2,prompt,genre,1,0.3333333333333333
p00117,5583d3b7-8692-4c18-85fc-f46f0ceef5f2,prompt,mood,0,0.0
p00117,5583d3b7-8692-4c18-85fc-f46f0ceef5f2,prompt,instrumentation,0,0.0
p00117,5583d3b7-8692-4c18-85fc-f46f0ceef5f2,prompt,timbre,0,0.0
p00117,5583d3b7-8692-4c18-85fc-f46f0ceef5f2,prompt,function,0,0.0
p00117,5583d3b7-8692-4c18-85fc-f46f0ceef5f2,prompt,theory,0,0.0
p00117,5583d3b7-8692-4c18-85fc-f46f0ceef5f2,prompt,story,1,0.6666666666666666
p00118,566f7399-846c-4579-a499-8421a2f325e2,prompt,genre,1,0.5
p00118,566f7399-846c-4579-a499-8421a2f325e2,prompt,mood,0,0.0
p00118,566f7399-846c-4579-a499-8421a2f325e2,prompt,instrumentation,0,0.0
p00118,566f7399-846c-4579-a499-8421a2f325e2,prompt,timbre,0,0.0
p00118,566f7399-846c-4579-a499-8421a2f325e2,prompt,function,0,0.0
p00118,566f7399-846c-4579-a499-8421a2f325e2,prompt,theory,0,0.0
p00118,566f7399-846c-4579-a499-8421a2f325e2,prompt,story,1,0.5
p00119,88bf780d-da3b-440d-9031-fd948b1c0f00,prompt,genre,1,0.375
p00119,88bf780d-da3b-440d-9031-fd948b1c0f00,prompt,mood,1,0.125
p00119,88bf780d-da3b-440d-9031-fd948b1c0f00,prompt,instrumentation,1,0.25
p00119,88bf780d-da3b-440d-9031-fd948b1c0f00,prompt,timbre,0,0.0
p00119,88bf780d-da3b-440d-9031-fd948b1c0f00,prompt,function,1,0.125
p00119,88bf780d-da3b-440d-9031-fd948b1c0f00,prompt,theory,0,0.0
p00119,88bf780d-da3b-440d-9031-fd948b1c0f00,prompt,story,1,0.125
p00120,1eccf497-ffe0-4f0d-a4c5-aecd9b3e1e40,prompt,genre,1,0.2
p00120,1eccf497-ffe0-4f0d-a4c5-aecd9b3e1e40,prompt,mood,1,0.2
p00120,1eccf497-ffe0-4f0d-a4c5-aecd9b3e1e40,prompt,instrumentation,1,0.6
p00120,1eccf497-ffe0-4f0d-a4c5-aecd9b3e1e40,prompt,timbre,0,0.0
p00120,1eccf497-ffe0-4f0d-a4c5-aecd9b3e1e40,prompt,function,0,0.0
p00120,1eccf497-ffe0-4f0d-a4c5-aecd9b3e1e40,prompt,theory,0,0.0
p00120,1eccf497-ffe0-4f0d-a4c5-aecd9b3e1e40,prompt,story,0,0.0
p00121,31e86412-c270-4bcb-8461-ec9801d25c4b,prompt,genre,1,0.5
p00121,31e86412-c270-4bcb-8461-ec9801d25c4b,prompt,mood,1,0.1666666666666666
p00121,31e86412-c270-4bcb-8461-ec9801d25c4b,prompt,instrumentation,0,0.0
p00121,31e86412-c270-4bcb-8461-ec9801d25c4b,prompt,timbre,1,0.3333333333333333
p00121,31e86412-c270-4bcb-8461-ec9801d25c4b,prompt,function,0,0.0
p00121,31e86412-c270-4bcb-8461-ec9801d25c4b,prompt,theory,0,0.0
p00121,31e86412-c270-4bcb-8461-ec9801d25c4b,prompt,story,0,0.0
p00122,32eeb9c6-e9d0-4ff1-8eae-50a7855aef13,prompt,genre,1,0.25
p00122,32eeb9c6-e9d0-4ff1-8eae-50a7855aef13,prompt,mood,0,0.0
p00122,32eeb9c6-e9d0-4ff1-8eae-50a7855aef13,prompt,instrumentation,0,0.0
p00122,32eeb9c6-e9d0-4ff1-8eae-50a7855aef13,prompt,timbre,0,0.0
p00122,32eeb9c6-e9d0-4ff1-8eae-50a7855aef13,prompt,function,0,0.0
p00122,32eeb9c6-e9d0-4ff1-8eae-50a7855aef13,prompt,theory,0,0.0
p00122,32eeb9c6-e9d0-4ff1-8eae-50a7855aef13,prompt,story,1,0.75
p00123,db477bec-7b99-4ca2-8eb3-0ab3993b23ae,prompt,genre,1,0.6666666666666666
p00123,db477bec-7b99-4ca2-8eb3-0ab3993b23ae,prompt,mood,0,0.0
p00123,db477bec-7b99-4ca2-8eb3-0ab3993b23ae,prompt,instrumentation,0,0.0
p00123,db477bec-7b99-4ca2-8eb3-0ab3993b23ae,prompt,timbre,0,0.0
p00123,db477bec-7b99-4ca2-8eb3-0ab3993b23ae,prompt,function,0,0.0
p00123,db477bec-7b99-4ca2-8eb3-0ab3993b23ae,prompt,theory,0,0.0
p00123,db477bec-7b99-4ca2-8eb3-0ab3993b23ae,prompt,story,1,0.3333333333333333
p00124,63da007b-14c8-431d-a856-de2456d8d63e,prompt,genre,1,0.5
p00124,63da007b-14c8-431d-a856-de2456d8d63e,prompt,mood,0,0.0
p00124,63da007b-14c8-431d-a856-de2456d8d63e,prompt,instrumentation,0,0.0
p00124,63da007b-14c8-431d-a856-de2456d8d63e,prompt,timbre,0,0.0
p00124,63da007b-14c8-431d-a856-de2456d8d63e,prompt,function,0,0.0
p00124,63da007b-14c8-431d-a856-de2456d8d63e,prompt,theory,0,0.0
p00124,63da007b-14c8-431d-a856-de2456d8d63e,prompt,story,1,0.5
p00125,92374983-b2b0-41a7-ba34-c5a6913a6349,prompt,genre,1,1.0
p00125,92374983-b2b0-41a7-ba34-c5a6913a6349,prompt,mood,0,0.0
p00125,92374983-b2b0-41a7-ba34-c5a6913a6349,prompt,instrumentation,0,0.0
p00125,92374983-b2b0-41a7-ba34-c5a6913a6349,prompt,timbre,0,0.0
p00125,92374983-b2b0-41a7-ba34-c5a6913a6349,prompt,function,0,0.0
p00125,92374983-b2b0-41a7-ba34-c5a6913a6349,prompt,theory,0,0.0
p00125,92374983-b2b0-41a7-ba34-c5a6913a6349,prompt,story,0,0.0
p00126,3f9b3ba7-7b13-4d04-87d6-fe1b2a1f6278,prompt,genre,1,0.25
p00126,3f9b3ba7-7b13-4d04-87d6-fe1b2a1f6278,prompt,mood,0,0.0
p00126,3f9b3ba7-7b13-4d04-87d6-fe1b2a1f6278,prompt,instrumentation,1,0.25
p00126,3f9b3ba7-7b13-4d04-87d6-fe1b2a1f6278,prompt,timbre,0,0.0
p00126,3f9b3ba7-7b13-4d04-87d6-fe1b2a1f6278,prompt,function,1,0.25
p00126,3f9b3ba7-7b13-4d04-87d6-fe1b2a1f6278,prompt,theory,0,0.0
p00126,3f9b3ba7-7b13-4d04-87d6-fe1b2a1f6278,prompt,story,1,0.25
p00127,7279ca60-c53e-4913-a8b0-70c2e902048b,prompt,genre,1,0.3333333333333333
p00127,7279ca60-c53e-4913-a8b0-70c2e902048b,prompt,mood,1,0.1666666666666666
p00127,7279ca60-c53e-4913-a8b0-70c2e902048b,prompt,instrumentation,1,0.3333333333333333
p00127,7279ca60-c53e-4913-a8b0-70c2e902048b,prompt,timbre,0,0.0
p00127,7279ca60-c53e-4913-a8b0-70c2e902048b,prompt,function,0,0.0
p00127,7279ca60-c53e-4913-a8b0-70c2e902048b,prompt,theory,0,0.0
p00127,7279ca60-c53e-4913-a8b0-70c2e902048b,prompt,story,1,0.1666666666666666
p00128,e0aea9d2-f3fe-4e97-a7eb-e4e5bdc14489,prompt,genre,1,0.1428571428571428
p00128,e0aea9d2-f3fe-4e97-a7eb-e4e5bdc14489,prompt,mood,0,0.0
p00128,e0aea9d2-f3fe-4e97-a7eb-e4e5bdc14489,prompt,instrumentation,1,0.5714285714285714
p00128,e0aea9d2-f3fe-4e97-a7eb-e4e5bdc14489,prompt,timbre,0,0.0
p00128,e0aea9d2-f3fe-4e97-a7eb-e4e5bdc14489,prompt,function,0,0.0
p00128,e0aea9d2-f3fe-4e97-a7eb-e4e5bdc14489,prompt,theory,1,0.1428571428571428
p00128,e0aea9d2-f3fe-4e97-a7eb-e4e5bdc14489,prompt,story,1,0.1428571428571428
p00129,e0cf5438-5034-4112-8294-18e5da49d810,prompt,genre,1,0.7142857142857143
p00129,e0cf5438-5034-4112-8294-18e5da49d810,prompt,mood,0,0.0
p00129,e0cf5438-5034-4112-8294-18e5da49d810,prompt,instrumentation,0,0.0
p00129,e0cf5438-5034-4112-8294-18e5da49d810,prompt,timbre,0,0.0
p00129,e0cf5438-5034-4112-8294-18e5da49d810,prompt,function,0,0.0
p00129,e0cf5438-5034-4112-8294-18e5da49d810,prompt,theory,0,0.0
p00129,e0cf5438-5034-4112-8294-18e5da49d810,prompt,story,1,0.2857142857142857
p00130,e0d3ac24-3ea6-4a85-a589-8f4ca0642255,prompt,genre,0,0.0
p00130,e0d3ac24-3ea6-4a85-a589-8f4ca0642255,prompt,mood,0,0.0
p00130,e0d3ac24-3ea6-4a85-a589-8f4ca0642255,prompt,instrumentation,0,0.0
p00130,e0d3ac24-3ea6-4a85-a589-8f4ca0642255,prompt,timbre,0,0.0
p00130,e0d3ac24-3ea6-4a85-a589-8f4ca0642255,prompt,function,0,0.0
p00130,e0d3ac24-3ea6-4a85-a589-8f4ca0642255,prompt,theory,0,0.0
p00130,e0d3ac24-3ea6-4a85-a589-8f4ca0642255,prompt,story,1,1.0
p00131,4fdeb871-5590-435c-88c2-c719ad43bf33,prompt,genre,1,0.5
p00131,4fdeb871-5590-435c-88c2-c719ad43bf33,prompt,mood,0,0.0
p00131,4fdeb871-5590-435c-88c2-c719ad43bf33,prompt,instrumentation,0,0.0
p00131,4fdeb871-5590-435c-88c2-c719ad43bf33,prompt,timbre,0,0.0
p00131,4fdeb871-5590-435c-88c2-c719ad43bf33,prompt,function,0,0.0
p00131,4fdeb871-5590-435c-88c2-c719ad43bf33,prompt,theory,1,0.5
p00131,4fdeb871-5590-435c-88c2-c719ad43bf33,prompt,story,0,0.0
p00132,d2a0689f-4bd9-496a-b30e-12657192c534,prompt,genre,1,0.4
p00132,d2a0689f-4bd9-496a-b30e-12657192c534,prompt,mood,1,0.2
p00132,d2a0689f-4bd9-496a-b30e-12657192c534,prompt,instrumentation,1,0.2
p00132,d2a0689f-4bd9-496a-b30e-12657192c534,prompt,timbre,1,0.2
p00132,d2a0689f-4bd9-496a-b30e-12657192c534,prompt,function,0,0.0
p00132,d2a0689f-4bd9-496a-b30e-12657192c534,prompt,theory,0,0.0
p00132,d2a0689f-4bd9-496a-b30e-12657192c534,prompt,story,0,0.0
p00133,d2bec18a-bac3-48cb-b0da-2589176bd895,prompt,genre,1,0.5
p00133,d2bec18a-bac3-48cb-b0da-2589176bd895,prompt,mood,0,0.0
p00133,d2bec18a-bac3-48cb-b0da-2589176bd895,prompt,instrumentation,1,0.25
p00133,d2bec18a-bac3-48cb-b0da-2589176bd895,prompt,timbre,0,0.0
p00133,d2bec18a-bac3-48cb-b0da-2589176bd895,prompt,function,0,0.0
p00133,d2bec18a-bac3-48cb-b0da-2589176bd895,prompt,theory,0,0.0
p00133,d2bec18a-bac3-48cb-b0da-2589176bd895,prompt,story,1,0.25
p00134,d2c86c3d-07fc-4390-8787-58a746e56d56,prompt,genre,1,0.1428571428571428
p00134,d2c86c3d-07fc-4390-8787-58a746e56d56,prompt,mood,1,0.1428571428571428
p00134,d2c86c3d-07fc-4390-8787-58a746e56d56,prompt,instrumentation,1,0.2857142857142857
p00134,d2c86c3d-07fc-4390-8787-58a746e56d56,prompt,timbre,1,0.1428571428571428
p00134,d2c86c3d-07fc-4390-8787-58a746e56d56,prompt,function,0,0.0
p00134,d2c86c3d-07fc-4390-8787-58a746e56d56,prompt,theory,0,0.0
p00134,d2c86c3d-07fc-4390-8787-58a746e56d56,prompt,story,1,0.2857142857142857
p00135,d2cf4cdf-f303-4ef9-9fda-3dab509cb32f,prompt,genre,1,0.6666666666666666
p00135,d2cf4cdf-f303-4ef9-9fda-3dab509cb32f,prompt,mood,0,0.0
p00135,d2cf4cdf-f303-4ef9-9fda-3dab509cb32f,prompt,instrumentation,0,0.0
p00135,d2cf4cdf-f303-4ef9-9fda-3dab509cb32f,prompt,timbre,0,0.0
p00135,d2cf4cdf-f303-4ef9-9fda-3dab509cb32f,prompt,function,0,0.0
p00135,d2cf4cdf-f303-4ef9-9fda-3dab509cb32f,prompt,theory,0,0.0
p00135,d2cf4cdf-f303-4ef9-9fda-3dab509cb32f,prompt,story,1,0.3333333333333333
p00136,8138a78a-f4ba-4f69-bb71-f5afc2b160e4,prompt,genre,1,0.5
p00136,8138a78a-f4ba-4f69-bb71-f5afc2b160e4,prompt,mood,1,0.25
p00136,8138a78a-f4ba-4f69-bb71-f5afc2b160e4,prompt,instrumentation,0,0.0
p00136,8138a78a-f4ba-4f69-bb71-f5afc2b160e4,prompt,timbre,0,0.0
p00136,8138a78a-f4ba-4f69-bb71-f5afc2b160e4,prompt,function,0,0.0
p00136,8138a78a-f4ba-4f69-bb71-f5afc2b160e4,prompt,theory,0,0.0
p00136,8138a78a-f4ba-4f69-bb71-f5afc2b160e4,prompt,story,1,0.25
p00137,813d9197-3774-4fbd-980c-1a8dcc7c38b8,prompt,genre,1,0.8333333333333334
p00137,813d9197-3774-4fbd-980c-1a8dcc7c38b8,prompt,mood,0,0.0
p00137,813d9197-3774-4fbd-980c-1a8dcc7c38b8,prompt,instrumentation,0,0.0
p00137,813d9197-3774-4fbd-980c-1a8dcc7c38b8,prompt,timbre,0,0.0
p00137,813d9197-3774-4fbd-980c-1a8dcc7c38b8,prompt,function,0,0.0
p00137,813d9197-3774-4fbd-980c-1a8dcc7c38b8,prompt,theory,0,0.0
p00137,813d9197-3774-4fbd-980c-1a8dcc7c38b8,prompt,story,1,0.1666666666666666
p00138,814b22e6-1017-444c-b340-266dc3ee7712,prompt,genre,0,0.0
p00138,814b22e6-1017-444c-b340-266dc3ee7712,prompt,mood,0,0.0
p00138,814b22e6-1017-444c-b340-266dc3ee7712,prompt,instrumentation,0,0.0
p00138,814b22e6-1017-444c-b340-266dc3ee7712,prompt,timbre,0,0.0
p00138,814b22e6-1017-444c-b340-266dc3ee7712,prompt,function,0,0.0
p00138,814b22e6-1017-444c-b340-266dc3ee7712,prompt,theory,0,0.0
p00138,814b22e6-1017-444c-b340-266dc3ee7712,prompt,story,1,1.0
p00139,86b81fdf-9b70-4200-a102-1dbe1d4bca69,prompt,genre,1,0.6666666666666666
p00139,86b81fdf-9b70-4200-a102-1dbe1d4bca69,prompt,mood,0,0.0
p00139,86b81fdf-9b70-4200-a102-1dbe1d4bca69,prompt,instrumentation,0,0.0
p00139,86b81fdf-9b70-4200-a102-1dbe1d4bca69,prompt,timbre,0,0.0
p00139,86b81fdf-9b70-4200-a102-1dbe1d4bca69,prompt,function,0,0.0
p00139,86b81fdf-9b70-4200-a102-1dbe1d4bca69,prompt,theory,0,0.0
p00139,86b81fdf-9b70-4200-a102-1dbe1d4bca69,prompt,story,1,0.3333333333333333
p00140,86bd408c-0cf2-4f86-ac55-ab80a81251b1,prompt,genre,1,0.4
p00140,86bd408c-0cf2-4f86-ac55-ab80a81251b1,prompt,mood,1,0.1
p00140,86bd408c-0cf2-4f86-ac55-ab80a81251b1,prompt,instrumentation,1,0.1
p00140,86bd408c-0cf2-4f86-ac55-ab80a81251b1,prompt,timbre,0,0.0
p00140,86bd408c-0cf2-4f86-ac55-ab80a81251b1,prompt,function,0,0.0
p00140,86bd408c-0cf2-4f86-ac55-ab80a81251b1,prompt,theory,1,0.3
p00140,86bd408c-0cf2-4f86-ac55-ab80a81251b1,prompt,story,1,0.1
p00141,bec6e67b-3c7f-4554-9a03-758697fe708e,prompt,genre,1,1.0
p00141,bec6e67b-3c7f-4554-9a03-758697fe708e,prompt,mood,0,0.0
p00141,bec6e67b-3c7f-4554-9a03-758697fe708e,prompt,instrumentation,0,0.0
p00141,bec6e67b-3c7f-4554-9a03-758697fe708e,prompt,timbre,0,0.0
p00141,bec6e67b-3c7f-4554-9a03-758697fe708e,prompt,function,0,0.0
p00141,bec6e67b-3c7f-4554-9a03-758697fe708e,prompt,theory,0,0.0
p00141,bec6e67b-3c7f-4554-9a03-758697fe708e,prompt,story,0,0.0
p00142,bed541d5-46b8-4faa-b29f-c2c6bfc0d8d8,prompt,genre,1,0.5
p00142,bed541d5-46b8-4faa-b29f-c2c6bfc0d8d8,prompt,mood,0,0.0
p00142,bed541d5-46b8-4faa-b29f-c2c6bfc0d8d8,prompt,instrumentation,0,0.0
p00142,bed541d5-46b8-4faa-b29f-c2c6bfc0d8d8,prompt,timbre,0,0.0
p00142,bed541d5-46b8-4faa-b29f-c2c6bfc0d8d8,prompt,function,0,0.0
p00142,bed541d5-46b8-4faa-b29f-c2c6bfc0d8d8,prompt,theory,0,0.0
p00142,bed541d5-46b8-4faa-b29f-c2c6bfc0d8d8,prompt,story,1,0.5
p00143,97e26fe2-d45a-46b2-885e-35c18551c6d6,prompt,genre,1,0.6
p00143,97e26fe2-d45a-46b2-885e-35c18551c6d6,prompt,mood,1,0.2
p00143,97e26fe2-d45a-46b2-885e-35c18551c6d6,prompt,instrumentation,0,0.0
p00143,97e26fe2-d45a-46b2-885e-35c18551c6d6,prompt,timbre,0,0.0
p00143,97e26fe2-d45a-46b2-885e-35c18551c6d6,prompt,function,0,0.0
p00143,97e26fe2-d45a-46b2-885e-35c18551c6d6,prompt,theory,0,0.0
p00143,97e26fe2-d45a-46b2-885e-35c18551c6d6,prompt,story,1,0.2
p00144,91f9b933-c02b-47df-95b7-05e9b37e3fb5,prompt,genre,1,0.2857142857142857
p00144,91f9b933-c02b-47df-95b7-05e9b37e3fb5,prompt,mood,1,0.2857142857142857
p00144,91f9b933-c02b-47df-95b7-05e9b37e3fb5,prompt,instrumentation,1,0.1428571428571428
p00144,91f9b933-c02b-47df-95b7-05e9b37e3fb5,prompt,timbre,1,0.1428571428571428
p00144,91f9b933-c02b-47df-95b7-05e9b37e3fb5,prompt,function,0,0.0
p00144,91f9b933-c02b-47df-95b7-05e9b37e3fb5,prompt,theory,0,0.0
p00144,91f9b933-c02b-47df-95b7-05e9b37e3fb5,prompt,story,1,0.1428571428571428
p00145,924be17b-f5f1-4628-9730-412d622d014a,prompt,genre,1,0.6363636363636364
p00145,924be17b-f5f1-4628-9730-412d622d014a,prompt,mood,0,0.0
p00145,924be17b-f5f1-4628-9730-412d622d014a,prompt,instrumentation,1,0.0909090909090909
p00145,924be17b-f5f1-4628-9730-412d622d014a,prompt,timbre,0,0.0
p00145,924be17b-f5f1-4628-9730-412d622d014a,prompt,function,0,0.0
p00145,924be17b-f5f1-4628-9730-412d622d014a,prompt,theory,1,0.2727272727272727
p00145,924be17b-f5f1-4628-9730-412d622d014a,prompt,story,0,0.0
p00146,e89bac5b-3b92-4554-be4c-df83d11c4975,prompt,genre,1,0.25
p00146,e89bac5b-3b92-4554-be4c-df83d11c4975,prompt,mood,0,0.0
p00146,e89bac5b-3b92-4554-be4c-df83d11c4975,prompt,instrumentation,0,0.0
p00146,e89bac5b-3b92-4554-be4c-df83d11c4975,prompt,timbre,0,0.0
p00146,e89bac5b-3b92-4554-be4c-df83d11c4975,prompt,function,0,0.0
p00146,e89bac5b-3b92-4554-be4c-df83d11c4975,prompt,theory,0,0.0
p00146,e89bac5b-3b92-4554-be4c-df83d11c4975,prompt,story,1,0.75
p00147,e89bff81-fa30-4d94-83dc-79ee8714f202,prompt,genre,1,0.4444444444444444
p00147,e89bff81-fa30-4d94-83dc-79ee8714f202,prompt,mood,1,0.1111111111111111
p00147,e89bff81-fa30-4d94-83dc-79ee8714f202,prompt,instrumentation,1,0.2222222222222222
p00147,e89bff81-fa30-4d94-83dc-79ee8714f202,prompt,timbre,0,0.0
p00147,e89bff81-fa30-4d94-83dc-79ee8714f202,prompt,function,1,0.1111111111111111
p00147,e89bff81-fa30-4d94-83dc-79ee8714f202,prompt,theory,1,0.1111111111111111
p00147,e89bff81-fa30-4d94-83dc-79ee8714f202,prompt,story,0,0.0
p00148,cdb23f80-6a13-4777-8a08-c0d983486f7c,prompt,genre,1,0.6
p00148,cdb23f80-6a13-4777-8a08-c0d983486f7c,prompt,mood,0,0.0
p00148,cdb23f80-6a13-4777-8a08-c0d983486f7c,prompt,instrumentation,1,0.2
p00148,cdb23f80-6a13-4777-8a08-c0d983486f7c,prompt,timbre,0,0.0
p00148,cdb23f80-6a13-4777-8a08-c0d983486f7c,prompt,function,0,0.0
p00148,cdb23f80-6a13-4777-8a08-c0d983486f7c,prompt,theory,0,0.0
p00148,cdb23f80-6a13-4777-8a08-c0d983486f7c,prompt,story,1,0.2
p00149,c7af0ea9-f546-4f26-bef4-8901953bb851,prompt,genre,0,0.0
p00149,c7af0ea9-f546-4f26-bef4-8901953bb851,prompt,mood,0,0.0
p00149,c7af0ea9-f546-4f26-bef4-8901953bb851,prompt,instrumentation,0,0.0
p00149,c7af0ea9-f546-4f26-bef4-8901953bb851,prompt,timbre,0,0.0
p00149,c7af0ea9-f546-4f26-bef4-8901953bb851,prompt,function,1,0.2
p00149,c7af0ea9-f546-4f26-bef4-8901953bb851,prompt,theory,0,0.0
p00149,c7af0ea9-f546-4f26-bef4-8901953bb851,prompt,story,1,0.8
p00150,a0c69d90-4070-4bb7-b45e-bd1369f80645,prompt,genre,1,0.875
p00150,a0c69d90-4070-4bb7-b45e-bd1369f80645,prompt,mood,0,0.0
p00150,a0c69d90-4070-4bb7-b45e-bd1369f80645,prompt,instrumentation,1,0.125
p00150,a0c69d90-4070-4bb7-b45e-bd1369f80645,prompt,timbre,0,0.0
p00150,a0c69d90-4070-4bb7-b45e-bd1369f80645,prompt,function,0,0.0
p00150,a0c69d90-4070-4bb7-b45e-bd1369f80645,prompt,theory,0,0.0
p00150,a0c69d90-4070-4bb7-b45e-bd1369f80645,prompt,story,0,0.0
p00151,a0ca57ef-9516-411f-a9f6-2a45a740c0fd,prompt,genre,1,0.5
p00151,a0ca57ef-9516-411f-a9f6-2a45a740c0fd,prompt,mood,1,0.25
p00151,a0ca57ef-9516-411f-a9f6-2a45a740c0fd,prompt,instrumentation,0,0.0
p00151,a0ca57ef-9516-411f-a9f6-2a45a740c0fd,prompt,timbre,0,0.0
p00151,a0ca57ef-9516-411f-a9f6-2a45a740c0fd,prompt,function,0,0.0
p00151,a0ca57ef-9516-411f-a9f6-2a45a740c0fd,prompt,theory,0,0.0
p00151,a0ca57ef-9516-411f-a9f6-2a45a740c0fd,prompt,story,1,0.25
p00152,f5e3d294-de4a-4be3-9205-88b28f85047d,prompt,genre,1,0.1666666666666666
p00152,f5e3d294-de4a-4be3-9205-88b28f85047d,prompt,mood,1,0.3333333333333333
p00152,f5e3d294-de4a-4be3-9205-88b28f85047d,prompt,instrumentation,1,0.3333333333333333
p00152,f5e3d294-de4a-4be3-9205-88b28f85047d,prompt,timbre,1,0.1666666666666666
p00152,f5e3d294-de4a-4be3-9205-88b28f85047d,prompt,function,0,0.0
p00152,f5e3d294-de4a-4be3-9205-88b28f85047d,prompt,theory,0,0.0
p00152,f5e3d294-de4a-4be3-9205-88b28f85047d,prompt,story,0,0.0
p00153,115645aa-6751-4e25-8329-75e66bc24490,prompt,genre,1,0.5
p00153,115645aa-6751-4e25-8329-75e66bc24490,prompt,mood,0,0.0
p00153,115645aa-6751-4e25-8329-75e66bc24490,prompt,instrumentation,0,0.0
p00153,115645aa-6751-4e25-8329-75e66bc24490,prompt,timbre,0,0.0
p00153,115645aa-6751-4e25-8329-75e66bc24490,prompt,function,0,0.0
p00153,115645aa-6751-4e25-8329-75e66bc24490,prompt,theory,0,0.0
p00153,115645aa-6751-4e25-8329-75e66bc24490,prompt,story,1,0.5
p00154,122a5bd5-7657-4161-aac9-3acb5f4b0381,prompt,genre,1,0.5
p00154,122a5bd5-7657-4161-aac9-3acb5f4b0381,prompt,mood,0,0.0
p00154,122a5bd5-7657-4161-aac9-3acb5f4b0381,prompt,instrumentation,0,0.0
p00154,122a5bd5-7657-4161-aac9-3acb5f4b0381,prompt,timbre,0,0.0
p00154,122a5bd5-7657-4161-aac9-3acb5f4b0381,prompt,function,0,0.0
p00154,122a5bd5-7657-4161-aac9-3acb5f4b0381,prompt,theory,0,0.0
p00154,122a5bd5-7657-4161-aac9-3acb5f4b0381,prompt,story,1,0.5
p00155,22c95ed0-8f48-4e40-a66f-7268d33ad8d2,prompt,genre,1,0.3333333333333333
p00155,22c95ed0-8f48-4e40-a66f-7268d33ad8d2,prompt,mood,1,0.3333333333333333
p00155,22c95ed0-8f48-4e40-a66f-7268d33ad8d2,prompt,instrumentation,0,0.0
p00155,22c95ed0-8f48-4e40-a66f-7268d33ad8d2,prompt,timbre,0,0.0
p00155,22c95ed0-8f48-4e40-a66f-7268d33ad8d2,prompt,function,0,0.0
p00155,22c95ed0-8f48-4e40-a66f-7268d33ad8d2,prompt,theory,0,0.0
p00155,22c95ed0-8f48-4e40-a66f-7268d33ad8d2,prompt,story,1,0.3333333333333333
p00156,523ab434-2e54-4441-9e15-b87bf751c595,prompt,genre,1,0.6666666666666666
p00156,523ab434-2e54-4441-9e15-b87bf751c595,prompt,mood,0,0.0
p00156,523ab434-2e54-4441-9e15-b87bf751c595,prompt,instrumentation,0,0.0
p00156,523ab434-2e54-4441-9e15-b87bf751c595,prompt,timbre,0,0.0
p00156,523ab434-2e54-4441-9e15-b87bf751c595,prompt,function,0,0.0
p00156,523ab434-2e54-4441-9e15-b87bf751c595,prompt,theory,0,0.0
p00156,523ab434-2e54-4441-9e15-b87bf751c595,prompt,story,1,0.3333333333333333
p00157,ae81034e-2b91-4d08-8e03-efe033872f33,prompt,genre,1,0.0909090909090909
p00157,ae81034e-2b91-4d08-8e03-efe033872f33,prompt,mood,1,0.5454545454545454
p00157,ae81034e-2b91-4d08-8e03-efe033872f33,prompt,instrumentation,1,0.0909090909090909
p00157,ae81034e-2b91-4d08-8e03-efe033872f33,prompt,timbre,1,0.0909090909090909
p00157,ae81034e-2b91-4d08-8e03-efe033872f33,prompt,function,0,0.0
p00157,ae81034e-2b91-4d08-8e03-efe033872f33,prompt,theory,1,0.1818181818181818
p00157,ae81034e-2b91-4d08-8e03-efe033872f33,prompt,story,0,0.0
p00158,ae86cd19-fca5-4ad7-b1e3-e02c71aae639,prompt,genre,1,0.5
p00158,ae86cd19-fca5-4ad7-b1e3-e02c71aae639,prompt,mood,1,0.1666666666666666
p00158,ae86cd19-fca5-4ad7-b1e3-e02c71aae639,prompt,instrumentation,0,0.0
p00158,ae86cd19-fca5-4ad7-b1e3-e02c71aae639,prompt,timbre,1,0.1666666666666666
p00158,ae86cd19-fca5-4ad7-b1e3-e02c71aae639,prompt,function,0,0.0
p00158,ae86cd19-fca5-4ad7-b1e3-e02c71aae639,prompt,theory,1,0.1666666666666666
p00158,ae86cd19-fca5-4ad7-b1e3-e02c71aae639,prompt,story,0,0.0
p00159,d69d66d4-df72-4002-8a3e-0f990e9a5743,prompt,genre,1,0.2727272727272727
p00159,d69d66d4-df72-4002-8a3e-0f990e9a5743,prompt,mood,1,0.1818181818181818
p00159,d69d66d4-df72-4002-8a3e-0f990e9a5743,prompt,instrumentation,1,0.2727272727272727
p00159,d69d66d4-df72-4002-8a3e-0f990e9a5743,prompt,timbre,0,0.0
p00159,d69d66d4-df72-4002-8a3e-0f990e9a5743,prompt,function,0,0.0
p00159,d69d66d4-df72-4002-8a3e-0f990e9a5743,prompt,theory,1,0.1818181818181818
p00159,d69d66d4-df72-4002-8a3e-0f990e9a5743,prompt,story,1,0.0909090909090909
p00160,7555871e-1973-49c5-b4f5-5d91b57c1641,prompt,genre,1,0.5
p00160,7555871e-1973-49c5-b4f5-5d91b57c1641,prompt,mood,1,0.25
p00160,7555871e-1973-49c5-b4f5-5d91b57c1641,prompt,instrumentation,0,0.0
p00160,7555871e-1973-49c5-b4f5-5d91b57c1641,prompt,timbre,0,0.0
p00160,7555871e-1973-49c5-b4f5-5d91b57c1641,prompt,function,0,0.0
p00160,7555871e-1973-49c5-b4f5-5d91b57c1641,prompt,theory,0,0.0
p00160,7555871e-1973-49c5-b4f5-5d91b57c1641,prompt,story,1,0.25
p00161,75bc4c3d-4d24-4d21-ac0c-59543720b0ee,prompt,genre,1,0.4285714285714285
p00161,75bc4c3d-4d24-4d21-ac0c-59543720b0ee,prompt,mood,1,0.2857142857142857
p00161,75bc4c3d-4d24-4d21-ac0c-59543720b0ee,prompt,instrumentation,1,0.2857142857142857
p00161,75bc4c3d-4d24-4d21-ac0c-59543720b0ee,prompt,timbre,0,0.0
p00161,75bc4c3d-4d24-4d21-ac0c-59543720b0ee,prompt,function,0,0.0
p00161,75bc4c3d-4d24-4d21-ac0c-59543720b0ee,prompt,theory,0,0.0
p00161,75bc4c3d-4d24-4d21-ac0c-59543720b0ee,prompt,story,0,0.0
p00162,0cd8226a-a270-4165-ace6-76a2329b4bd6,prompt,genre,1,0.25
p00162,0cd8226a-a270-4165-ace6-76a2329b4bd6,prompt,mood,0,0.0
p00162,0cd8226a-a270-4165-ace6-76a2329b4bd6,prompt,instrumentation,1,0.25
p00162,0cd8226a-a270-4165-ace6-76a2329b4bd6,prompt,timbre,0,0.0
p00162,0cd8226a-a270-4165-ace6-76a2329b4bd6,prompt,function,0,0.0
p00162,0cd8226a-a270-4165-ace6-76a2329b4bd6,prompt,theory,0,0.0
p00162,0cd8226a-a270-4165-ace6-76a2329b4bd6,prompt,story,1,0.5
p00163,0d11dd6d-73de-4101-a8e6-82cf77d7e589,prompt,genre,0,0.0
p00163,0d11dd6d-73de-4101-a8e6-82cf77d7e589,prompt,mood,0,0.0
p00163,0d11dd6d-73de-4101-a8e6-82cf77d7e589,prompt,instrumentation,0,0.0
p00163,0d11dd6d-73de-4101-a8e6-82cf77d7e589,prompt,timbre,1,0.2
p00163,0d11dd6d-73de-4101-a8e6-82cf77d7e589,prompt,function,0,0.0
p00163,0d11dd6d-73de-4101-a8e6-82cf77d7e589,prompt,theory,1,0.8
p00163,0d11dd6d-73de-4101-a8e6-82cf77d7e589,prompt,story,0,0.0
p00164,20965396-7e93-4354-8212-5614daddebea,prompt,genre,1,0.2
p00164,20965396-7e93-4354-8212-5614daddebea,prompt,mood,1,0.4
p00164,20965396-7e93-4354-8212-5614daddebea,prompt,instrumentation,0,0.0
p00164,20965396-7e93-4354-8212-5614daddebea,prompt,timbre,0,0.0
p00164,20965396-7e93-4354-8212-5614daddebea,prompt,function,1,0.2
p00164,20965396-7e93-4354-8212-5614daddebea,prompt,theory,1,0.2
p00164,20965396-7e93-4354-8212-5614daddebea,prompt,story,0,0.0
p00165,9481c38d-df7b-42cc-b660-ecd1298df738,prompt,genre,1,0.6666666666666666
p00165,9481c38d-df7b-42cc-b660-ecd1298df738,prompt,mood,0,0.0
p00165,9481c38d-df7b-42cc-b660-ecd1298df738,prompt,instrumentation,0,0.0
p00165,9481c38d-df7b-42cc-b660-ecd1298df738,prompt,timbre,0,0.0
p00165,9481c38d-df7b-42cc-b660-ecd1298df738,prompt,function,0,0.0
p00165,9481c38d-df7b-42cc-b660-ecd1298df738,prompt,theory,0,0.0
p00165,9481c38d-df7b-42cc-b660-ecd1298df738,prompt,story,1,0.3333333333333333
p00166,94894312-0261-4956-89b5-6e48d0f6b008,prompt,genre,1,0.6666666666666666
p00166,94894312-0261-4956-89b5-6e48d0f6b008,prompt,mood,0,0.0
p00166,94894312-0261-4956-89b5-6e48d0f6b008,prompt,instrumentation,0,0.0
p00166,94894312-0261-4956-89b5-6e48d0f6b008,prompt,timbre,0,0.0
p00166,94894312-0261-4956-89b5-6e48d0f6b008,prompt,function,0,0.0
p00166,94894312-0261-4956-89b5-6e48d0f6b008,prompt,theory,0,0.0
p00166,94894312-0261-4956-89b5-6e48d0f6b008,prompt,story,1,0.3333333333333333
p00167,a6971245-b52e-472d-ac18-74618d96f0bb,prompt,genre,1,0.5
p00167,a6971245-b52e-472d-ac18-74618d96f0bb,prompt,mood,0,0.0
p00167,a6971245-b52e-472d-ac18-74618d96f0bb,prompt,instrumentation,1,0.25
p00167,a6971245-b52e-472d-ac18-74618d96f0bb,prompt,timbre,1,0.25
p00167,a6971245-b52e-472d-ac18-74618d96f0bb,prompt,function,0,0.0
p00167,a6971245-b52e-472d-ac18-74618d96f0bb,prompt,theory,0,0.0
p00167,a6971245-b52e-472d-ac18-74618d96f0bb,prompt,story,0,0.0
p00168,2eb94ad9-fe4a-4c6e-91f0-86bfa3334edf,prompt,genre,1,0.3333333333333333
p00168,2eb94ad9-fe4a-4c6e-91f0-86bfa3334edf,prompt,mood,0,0.0
p00168,2eb94ad9-fe4a-4c6e-91f0-86bfa3334edf,prompt,instrumentation,0,0.0
p00168,2eb94ad9-fe4a-4c6e-91f0-86bfa3334edf,prompt,timbre,0,0.0
p00168,2eb94ad9-fe4a-4c6e-91f0-86bfa3334edf,prompt,function,0,0.0
p00168,2eb94ad9-fe4a-4c6e-91f0-86bfa3334edf,prompt,theory,0,0.0
p00168,2eb94ad9-fe4a-4c6e-91f0-86bfa3334edf,prompt,story,1,0.6666666666666666
p00169,2ec2f5f9-407c-41ea-a653-dc11db4eea1c,prompt,genre,1,0.6666666666666666
p00169,2ec2f5f9-407c-41ea-a653-dc11db4eea1c,prompt,mood,0,0.0
p00169,2ec2f5f9-407c-41ea-a653-dc11db4eea1c,prompt,instrumentation,0,0.0
p00169,2ec2f5f9-407c-41ea-a653-dc11db4eea1c,prompt,timbre,0,0.0
p00169,2ec2f5f9-407c-41ea-a653-dc11db4eea1c,prompt,function,0,0.0
p00169,2ec2f5f9-407c-41ea-a653-dc11db4eea1c,prompt,theory,0,0.0
p00169,2ec2f5f9-407c-41ea-a653-dc11db4eea1c,prompt,story,1,0.3333333333333333
p00170,c21d9593-e7e4-41fe-baf4-4c1cc5b6ac4c,prompt,genre,1,0.1818181818181818
p00170,c21d9593-e7e4-41fe-baf4-4c1cc5b6ac4c,prompt,mood,1,0.3636363636363636
p00170,c21d9593-e7e4-41fe-baf4-4c1cc5b6ac4c,prompt,instrumentation,1,0.0909090909090909
p00170,c21d9593-e7e4-41fe-baf4-4c1cc5b6ac4c,prompt,timbre,1,0.1818181818181818
p00170,c21d9593-e7e4-41fe-baf4-4c1cc5b6ac4c,prompt,function,0,0.0
p00170,c21d9593-e7e4-41fe-baf4-4c1cc5b6ac4c,prompt,theory,1,0.1818181818181818
p00170,c21d9593-e7e4-41fe-baf4-4c1cc5b6ac4c,prompt,story,0,0.0
p00171,c243ba53-0eea-4dfd-bfa0-63de83e0d80b,prompt,genre,1,0.2
p00171,c243ba53-0eea-4dfd-bfa0-63de83e0d80b,prompt,mood,1,0.4
p00171,c243ba53-0eea-4dfd-bfa0-63de83e0d80b,prompt,instrumentation,0,0.0
p00171,c243ba53-0eea-4dfd-bfa0-63de83e0d80b,prompt,timbre,0,0.0
p00171,c243ba53-0eea-4dfd-bfa0-63de83e0d80b,prompt,function,0,0.0
p00171,c243ba53-0eea-4dfd-bfa0-63de83e0d80b,prompt,theory,0,0.0
p00171,c243ba53-0eea-4dfd-bfa0-63de83e0d80b,prompt,story,1,0.4
p00172,54f0f9eb-f14f-4d8d-befb-b560b504dab8,prompt,genre,1,0.5
p00172,54f0f9eb-f14f-4d8d-befb-b560b504dab8,prompt,mood,0,0.0
p00172,54f0f9eb-f14f-4d8d-befb-b560b504dab8,prompt,instrumentation,1,0.25
p00172,54f0f9eb-f14f-4d8d-befb-b560b504dab8,prompt,timbre,0,0.0
p00172,54f0f9eb-f14f-4d8d-befb-b560b504dab8,prompt,function,1,0.25
p00172,54f0f9eb-f14f-4d8d-befb-b560b504dab8,prompt,theory,0,0.0
p00172,54f0f9eb-f14f-4d8d-befb-b560b504dab8,prompt,story,0,0.0
p00173,55300023-5c40-490e-90ff-71c29e0e0904,prompt,genre,1,0.5
p00173,55300023-5c40-490e-90ff-71c29e0e0904,prompt,mood,0,0.0
p00173,55300023-5c40-490e-90ff-71c29e0e0904,prompt,instrumentation,0,0.0
p00173,55300023-5c40-490e-90ff-71c29e0e0904,prompt,timbre,0,0.0
p00173,55300023-5c40-490e-90ff-71c29e0e0904,prompt,function,0,0.0
p00173,55300023-5c40-490e-90ff-71c29e0e0904,prompt,theory,0,0.0
p00173,55300023-5c40-490e-90ff-71c29e0e0904,prompt,story,1,0.5
p00174,b81b00c3-f3c4-4ba7-8964-20d173a3b82f,prompt,genre,1,0.4166666666666667
p00174,b81b00c3-f3c4-4ba7-8964-20d173a3b82f,prompt,mood,1,0.5
p00174,b81b00c3-f3c4-4ba7-8964-20d173a3b82f,prompt,instrumentation,1,0.0833333333333333
p00174,b81b00c3-f3c4-4ba7-8964-20d173a3b82f,prompt,timbre,0,0.0
p00174,b81b00c3-f3c4-4ba7-8964-20d173a3b82f,prompt,function,0,0.0
p00174,b81b00c3-f3c4-4ba7-8964-20d173a3b82f,prompt,theory,0,0.0
p00174,b81b00c3-f3c4-4ba7-8964-20d173a3b82f,prompt,story,0,0.0
p00175,6fdab3ec-7a58-4272-8ecf-51401a1d3e44,prompt,genre,1,0.5
p00175,6fdab3ec-7a58-4272-8ecf-51401a1d3e44,prompt,mood,1,0.5
p00175,6fdab3ec-7a58-4272-8ecf-51401a1d3e44,prompt,instrumentation,0,0.0
p00175,6fdab3ec-7a58-4272-8ecf-51401a1d3e44,prompt,timbre,0,0.0
p00175,6fdab3ec-7a58-4272-8ecf-51401a1d3e44,prompt,function,0,0.0
p00175,6fdab3ec-7a58-4272-8ecf-51401a1d3e44,prompt,theory,0,0.0
p00175,6fdab3ec-7a58-4272-8ecf-51401a1d3e44,prompt,story,0,0.0
p00176,12c3b33c-37c3-42e9-b1f1-70081ddf7bd3,prompt,genre,1,0.3333333333333333
p00176,12c3b33c-37c3-42e9-b1f1-70081ddf7bd3,prompt,mood,0,0.0
p00176,12c3b33c-37c3-42e9-b1f1-70081ddf7bd3,prompt,instrumentation,0,0.0
p00176,12c3b33c-37c3-42e9-b1f1-70081ddf7bd3,prompt,timbre,0,0.0
p00176,12c3b33c-37c3-42e9-b1f1-70081ddf7bd3,prompt,function,0,0.0
p00176,12c3b33c-37c3-42e9-b1f1-70081ddf7bd3,prompt,theory,0,0.0
p00176,12c3b33c-37c3-42e9-b1f1-70081ddf7bd3,prompt,story,1,0.6666666666666666
p00177,ea2b91c4-07d0-45b2-b96b-dd844e7e20d6,prompt,genre,1,0.1818181818181818
p00177,ea2b91c4-07d0-45b2-b96b-dd844e7e20d6,prompt,mood,1,0.2727272727272727
p00177,ea2b91c4-07d0-45b2-b96b-dd844e7e20d6,prompt,instrumentation,1,0.4545454545454545
p00177,ea2b91c4-07d0-45b2-b96b-dd844e7e20d6,prompt,timbre,1,0.0909090909090909
p00177,ea2b91c4-07d0-45b2-b96b-dd844e7e20d6,prompt,function,0,0.0
p00177,ea2b91c4-07d0-45b2-b96b-dd844e7e20d6,prompt,theory,0,0.0
p00177,ea2b91c4-07d0-45b2-b96b-dd844e7e20d6,prompt,story,0,0.0
p00178,6dfa3eea-e6cf-46fb-ab88-fe2754661428,prompt,genre,1,0.6
p00178,6dfa3eea-e6cf-46fb-ab88-fe2754661428,prompt,mood,1,0.2
p00178,6dfa3eea-e6cf-46fb-ab88-fe2754661428,prompt,instrumentation,0,0.0
p00178,6dfa3eea-e6cf-46fb-ab88-fe2754661428,prompt,timbre,0,0.0
p00178,6dfa3eea-e6cf-46fb-ab88-fe2754661428,prompt,function,0,0.0
p00178,6dfa3eea-e6cf-46fb-ab88-fe2754661428,prompt,theory,0,0.0
p00178,6dfa3eea-e6cf-46fb-ab88-fe2754661428,prompt,story,1,0.2
p00179,7536c885-e926-4f7e-b25c-4660204a1226,prompt,genre,1,0.3333333333333333
p00179,7536c885-e926-4f7e-b25c-4660204a1226,prompt,mood,0,0.0
p00179,7536c885-e926-4f7e-b25c-4660204a1226,prompt,instrumentation,0,0.0
p00179,7536c885-e926-4f7e-b25c-4660204a1226,prompt,timbre,0,0.0
p00179,7536c885-e926-4f7e-b25c-4660204a1226,prompt,function,0,0.0
p00179,7536c885-e926-4f7e-b25c-4660204a1226,prompt,theory,0,0.0
p00179,7536c885-e926-4f7e-b25c-4660204a1226,prompt,story,1,0.6666666666666666
p00180,754ad4a8-b85d-430a-8fff-2157681562d9,prompt,genre,0,0.0
p00180,754ad4a8-b85d-430a-8fff-2157681562d9,prompt,mood,0,0.0
p00180,754ad4a8-b85d-430a-8fff-2157681562d9,prompt,instrumentation,0,0.0
p00180,754ad4a8-b85d-430a-8fff-2157681562d9,prompt,timbre,0,0.0
p00180,754ad4a8-b85d-430a-8fff-2157681562d9,prompt,function,1,0.5
p00180,754ad4a8-b85d-430a-8fff-2157681562d9,prompt,theory,0,0.0
p00180,754ad4a8-b85d-430a-8fff-2157681562d9,prompt,story,1,0.5
p00181,754c7a3c-64af-4a19-8dca-4887d96e6213,prompt,genre,1,0.6666666666666666
p00181,754c7a3c-64af-4a19-8dca-4887d96e6213,prompt,mood,0,0.0
p00181,754c7a3c-64af-4a19-8dca-4887d96e6213,prompt,instrumentation,1,0.1111111111111111
p00181,754c7a3c-64af-4a19-8dca-4887d96e6213,prompt,timbre,1,0.1111111111111111
p00181,754c7a3c-64af-4a19-8dca-4887d96e6213,prompt,function,0,0.0
p00181,754c7a3c-64af-4a19-8dca-4887d96e6213,prompt,theory,0,0.0
p00181,754c7a3c-64af-4a19-8dca-4887d96e6213,prompt,story,1,0.1111111111111111
p00182,754e03f6-9cc8-4deb-ba29-8e0ef46dbb40,prompt,genre,0,0.0
p00182,754e03f6-9cc8-4deb-ba29-8e0ef46dbb40,prompt,mood,1,0.3333333333333333
p00182,754e03f6-9cc8-4deb-ba29-8e0ef46dbb40,prompt,instrumentation,0,0.0
p00182,754e03f6-9cc8-4deb-ba29-8e0ef46dbb40,prompt,timbre,0,0.0
p00182,754e03f6-9cc8-4deb-ba29-8e0ef46dbb40,prompt,function,0,0.0
p00182,754e03f6-9cc8-4deb-ba29-8e0ef46dbb40,prompt,theory,0,0.0
p00182,754e03f6-9cc8-4deb-ba29-8e0ef46dbb40,prompt,story,1,0.6666666666666666
p00183,89fe259f-467e-4f79-9794-0462b33a172f,prompt,genre,1,0.5
p00183,89fe259f-467e-4f79-9794-0462b33a172f,prompt,mood,0,0.0
p00183,89fe259f-467e-4f79-9794-0462b33a172f,prompt,instrumentation,0,0.0
p00183,89fe259f-467e-4f79-9794-0462b33a172f,prompt,timbre,0,0.0
p00183,89fe259f-467e-4f79-9794-0462b33a172f,prompt,function,0,0.0
p00183,89fe259f-467e-4f79-9794-0462b33a172f,prompt,theory,0,0.0
p00183,89fe259f-467e-4f79-9794-0462b33a172f,prompt,story,1,0.5
p00184,5d465d7f-d93d-47f3-9f7c-f9a71a429568,prompt,genre,1,0.6666666666666666
p00184,5d465d7f-d93d-47f3-9f7c-f9a71a429568,prompt,mood,0,0.0
p00184,5d465d7f-d93d-47f3-9f7c-f9a71a429568,prompt,instrumentation,0,0.0
p00184,5d465d7f-d93d-47f3-9f7c-f9a71a429568,prompt,timbre,0,0.0
p00184,5d465d7f-d93d-47f3-9f7c-f9a71a429568,prompt,function,0,0.0
p00184,5d465d7f-d93d-47f3-9f7c-f9a71a429568,prompt,theory,0,0.0
p00184,5d465d7f-d93d-47f3-9f7c-f9a71a429568,prompt,story,1,0.3333333333333333
p00185,4e5af4be-1277-4097-9c2c-5502aebc410a,prompt,genre,1,0.0909090909090909
p00185,4e5af4be-1277-4097-9c2c-5502aebc410a,prompt,mood,1,0.0909090909090909
p00185,4e5af4be-1277-4097-9c2c-5502aebc410a,prompt,instrumentation,0,0.0
p00185,4e5af4be-1277-4097-9c2c-5502aebc410a,prompt,timbre,1,0.0909090909090909
p00185,4e5af4be-1277-4097-9c2c-5502aebc410a,prompt,function,1,0.0909090909090909
p00185,4e5af4be-1277-4097-9c2c-5502aebc410a,prompt,theory,1,0.2727272727272727
p00185,4e5af4be-1277-4097-9c2c-5502aebc410a,prompt,story,1,0.3636363636363636
p00186,4e733c89-a6a1-4094-80b0-489ca4e8b41e,prompt,genre,1,0.4285714285714285
p00186,4e733c89-a6a1-4094-80b0-489ca4e8b41e,prompt,mood,1,0.4285714285714285
p00186,4e733c89-a6a1-4094-80b0-489ca4e8b41e,prompt,instrumentation,0,0.0
p00186,4e733c89-a6a1-4094-80b0-489ca4e8b41e,prompt,timbre,0,0.0
p00186,4e733c89-a6a1-4094-80b0-489ca4e8b41e,prompt,function,0,0.0
p00186,4e733c89-a6a1-4094-80b0-489ca4e8b41e,prompt,theory,0,0.0
p00186,4e733c89-a6a1-4094-80b0-489ca4e8b41e,prompt,story,1,0.1428571428571428
p00187,e374a9d0-706d-4bf3-af17-87b60ae91c62,prompt,genre,1,0.4
p00187,e374a9d0-706d-4bf3-af17-87b60ae91c62,prompt,mood,0,0.0
p00187,e374a9d0-706d-4bf3-af17-87b60ae91c62,prompt,instrumentation,0,0.0
p00187,e374a9d0-706d-4bf3-af17-87b60ae91c62,prompt,timbre,0,0.0
p00187,e374a9d0-706d-4bf3-af17-87b60ae91c62,prompt,function,0,0.0
p00187,e374a9d0-706d-4bf3-af17-87b60ae91c62,prompt,theory,0,0.0
p00187,e374a9d0-706d-4bf3-af17-87b60ae91c62,prompt,story,1,0.6
p00188,77c467d4-d021-4b6e-b9a8-757434d848d0,prompt,genre,1,0.25
p00188,77c467d4-d021-4b6e-b9a8-757434d848d0,prompt,mood,0,0.0
p00188,77c467d4-d021-4b6e-b9a8-757434d848d0,prompt,instrumentation,0,0.0
p00188,77c467d4-d021-4b6e-b9a8-757434d848d0,prompt,timbre,0,0.0
p00188,77c467d4-d021-4b6e-b9a8-757434d848d0,prompt,function,0,0.0
p00188,77c467d4-d021-4b6e-b9a8-757434d848d0,prompt,theory,0,0.0
p00188,77c467d4-d021-4b6e-b9a8-757434d848d0,prompt,story,1,0.75
p00189,bc7c0d0b-71ae-4afe-8c04-826ecf85c4c8,prompt,genre,1,0.5
p00189,bc7c0d0b-71ae-4afe-8c04-826ecf85c4c8,prompt,mood,1,0.25
p00189,bc7c0d0b-71ae-4afe-8c04-826ecf85c4c8,prompt,instrumentation,0,0.0
p00189,bc7c0d0b-71ae-4afe-8c04-826ecf85c4c8,prompt,timbre,0,0.0
p00189,bc7c0d0b-71ae-4afe-8c04-826ecf85c4c8,prompt,function,0,0.0
p00189,bc7c0d0b-71ae-4afe-8c04-826ecf85c4c8,prompt,theory,0,0.0
p00189,bc7c0d0b-71ae-4afe-8c04-826ecf85c4c8,prompt,story,1,0.25
p00190,bc812733-b45b-4d2b-9c0d-b0942195677a,prompt,genre,1,0.6666666666666666
p00190,bc812733-b45b-4d2b-9c0d-b0942195677a,prompt,mood,0,0.0
p00190,bc812733-b45b-4d2b-9c0d-b0942195677a,prompt,instrumentation,0,0.0
p00190,bc812733-b45b-4d2b-9c0d-b0942195677a,prompt,timbre,0,0.0
p00190,bc812733-b45b-4d2b-9c0d-b0942195677a,prompt,function,0,0.0
p00190,bc812733-b45b-4d2b-9c0d-b0942195677a,prompt,theory,0,0.0
p00190,bc812733-b45b-4d2b-9c0d-b0942195677a,prompt,story,1,0.3333333333333333
p00191,fb21d861-9397-4126-84df-60917fece784,prompt,genre,1,0.3333333333333333
p00191,fb21d861-9397-4126-84df-60917fece784,prompt,mood,1,0.3333333333333333
p00191,fb21d861-9397-4126-84df-60917fece784,prompt,instrumentation,0,0.0
p00191,fb21d861-9397-4126-84df-60917fece784,prompt,timbre,0,0.0
p00191,fb21d861-9397-4126-84df-60917fece784,prompt,function,0,0.0
p00191,fb21d861-9397-4126-84df-60917fece784,prompt,theory,0,0.0
p00191,fb21d861-9397-4126-84df-60917fece784,prompt,story,1,0.3333333333333333
p00192,43d604bc-f7ba-45f9-aa36-d2d25d4dd236,prompt,genre,1,0.3333333333333333
p00192,43d604bc-f7ba-45f9-aa36-d2d25d4dd236,prompt,mood,0,0.0
p00192,43d604bc-f7ba-45f9-aa36-d2d25d4dd236,prompt,instrumentation,0,0.0
p00192,43d604bc-f7ba-45f9-aa36-d2d25d4dd236,prompt,timbre,0,0.0
p00192,43d604bc-f7ba-45f9-aa36-d2d25d4dd236,prompt,function,0,0.0
p00192,43d604bc-f7ba-45f9-aa36-d2d25d4dd236,prompt,theory,0,0.0
p00192,43d604bc-f7ba-45f9-aa36-d2d25d4dd236,prompt,story,1,0.6666666666666666
p00193,43eef8c0-03fb-483c-8016-de25f209881c,prompt,genre,1,0.6666666666666666
p00193,43eef8c0-03fb-483c-8016-de25f209881c,prompt,mood,0,0.0
p00193,43eef8c0-03fb-483c-8016-de25f209881c,prompt,instrumentation,1,0.1666666666666666
p00193,43eef8c0-03fb-483c-8016-de25f209881c,prompt,timbre,1,0.1666666666666666
p00193,43eef8c0-03fb-483c-8016-de25f209881c,prompt,function,0,0.0
p00193,43eef8c0-03fb-483c-8016-de25f209881c,prompt,theory,0,0.0
p00193,43eef8c0-03fb-483c-8016-de25f209881c,prompt,story,0,0.0
p00194,81a13b0e-aa23-4618-9ac1-6989da96271b,prompt,genre,1,0.6666666666666666
p00194,81a13b0e-aa23-4618-9ac1-6989da96271b,prompt,mood,1,0.1111111111111111
p00194,81a13b0e-aa23-4618-9ac1-6989da96271b,prompt,instrumentation,0,0.0
p00194,81a13b0e-aa23-4618-9ac1-6989da96271b,prompt,timbre,0,0.0
p00194,81a13b0e-aa23-4618-9ac1-6989da96271b,prompt,function,0,0.0
p00194,81a13b0e-aa23-4618-9ac1-6989da96271b,prompt,theory,1,0.1111111111111111
p00194,81a13b0e-aa23-4618-9ac1-6989da96271b,prompt,story,1,0.1111111111111111
p00195,246bf3fe-a489-4545-a32b-0e150d16dee5,prompt,genre,1,0.2
p00195,246bf3fe-a489-4545-a32b-0e150d16dee5,prompt,mood,1,0.2
p00195,246bf3fe-a489-4545-a32b-0e150d16dee5,prompt,instrumentation,1,0.2
p00195,246bf3fe-a489-4545-a32b-0e150d16dee5,prompt,timbre,0,0.0
p00195,246bf3fe-a489-4545-a32b-0e150d16dee5,prompt,function,0,0.0
p00195,246bf3fe-a489-4545-a32b-0e150d16dee5,prompt,theory,0,0.0
p00195,246bf3fe-a489-4545-a32b-0e150d16dee5,prompt,story,1,0.4
p00196,d8545371-3d1e-4271-86aa-72ba18a1b55a,prompt,genre,1,0.1428571428571428
p00196,d8545371-3d1e-4271-86aa-72ba18a1b55a,prompt,mood,1,0.1428571428571428
p00196,d8545371-3d1e-4271-86aa-72ba18a1b55a,prompt,instrumentation,1,0.2857142857142857
p00196,d8545371-3d1e-4271-86aa-72ba18a1b55a,prompt,timbre,1,0.1428571428571428
p00196,d8545371-3d1e-4271-86aa-72ba18a1b55a,prompt,function,0,0.0
p00196,d8545371-3d1e-4271-86aa-72ba18a1b55a,prompt,theory,0,0.0
p00196,d8545371-3d1e-4271-86aa-72ba18a1b55a,prompt,story,1,0.2857142857142857
p00197,84deb4de-d0fb-4e1d-a53b-c854fe3c1394,prompt,genre,1,0.2857142857142857
p00197,84deb4de-d0fb-4e1d-a53b-c854fe3c1394,prompt,mood,1,0.3571428571428571
p00197,84deb4de-d0fb-4e1d-a53b-c854fe3c1394,prompt,instrumentation,1,0.2142857142857142
p00197,84deb4de-d0fb-4e1d-a53b-c854fe3c1394,prompt,timbre,0,0.0
p00197,84deb4de-d0fb-4e1d-a53b-c854fe3c1394,prompt,function,0,0.0
p00197,84deb4de-d0fb-4e1d-a53b-c854fe3c1394,prompt,theory,1,0.1428571428571428
p00197,84deb4de-d0fb-4e1d-a53b-c854fe3c1394,prompt,story,0,0.0
p00198,8b332c1e-f10e-4afc-a485-4b919b7e8f4f,prompt,genre,1,0.3
p00198,8b332c1e-f10e-4afc-a485-4b919b7e8f4f,prompt,mood,1,0.2
p00198,8b332c1e-f10e-4afc-a485-4b919b7e8f4f,prompt,instrumentation,1,0.3
p00198,8b332c1e-f10e-4afc-a485-4b919b7e8f4f,prompt,timbre,0,0.0
p00198,8b332c1e-f10e-4afc-a485-4b919b7e8f4f,prompt,function,0,0.0
p00198,8b332c1e-f10e-4afc-a485-4b919b7e8f4f,prompt,theory,1,0.1
p00198,8b332c1e-f10e-4afc-a485-4b919b7e8f4f,prompt,story,1,0.1
p00199,8b21762a-c0c3-449e-8d46-e55c476190e3,prompt,genre,1,0.25
p00199,8b21762a-c0c3-449e-8d46-e55c476190e3,prompt,mood,0,0.0
p00199,8b21762a-c0c3-449e-8d46-e55c476190e3,prompt,instrumentation,0,0.0
p00199,8b21762a-c0c3-449e-8d46-e55c476190e3,prompt,timbre,0,0.0
p00199,8b21762a-c0c3-449e-8d46-e55c476190e3,prompt,function,0,0.0
p00199,8b21762a-c0c3-449e-8d46-e55c476190e3,prompt,theory,0,0.0
p00199,8b21762a-c0c3-449e-8d46-e55c476190e3,prompt,story,1,0.75
